<?xml version="1.0" encoding="UTF-8"?><InteractionHistory Id="activity" Version="1"><InteractionEvent Delta="added" EndDate="2013-12-01 12:48:53.868 CET" Interest="1.0" Kind="attention" Navigation="" OriginId="org.eclipse.ui.workbench" StartDate="2013-12-01 12:26:21.558 CET" StructureHandle="none" StructureKind="workingset"/><InteractionEvent Delta="added" EndDate="2013-12-01 13:00:19.479 CET" Interest="1.0" Kind="attention" Navigation="" OriginId="org.eclipse.ui.workbench" StartDate="2013-12-01 12:59:49.465 CET" StructureHandle="none" StructureKind="workingset"/><InteractionEvent Delta="added" EndDate="2013-12-01 13:31:56.335 CET" Interest="1.0" Kind="attention" Navigation="" OriginId="org.eclipse.ui.workbench" StartDate="2013-12-01 13:00:19.479 CET" StructureHandle="none" StructureKind="workingset"/><InteractionEvent Delta="added" EndDate="2013-12-01 14:22:01.195 CET" Interest="1.0" Kind="attention" Navigation="" OriginId="org.eclipse.ui.workbench" StartDate="2013-12-01 14:00:26.520 CET" StructureHandle="none" StructureKind="workingset"/><InteractionEvent Delta="activated" EndDate="2013-12-01 14:24:32.142 CET" Interest="1.0" Kind="command" Navigation="" OriginId="org.eclipse.ui.workbench" StartDate="2013-12-01 14:24:32.142 CET" StructureHandle="local-7" StructureKind="activation"/><InteractionEvent Delta="added" EndDate="2013-12-01 14:31:34.749 CET" Interest="1.0" Kind="attention" Navigation="" OriginId="org.eclipse.ui.workbench" StartDate="2013-12-01 14:24:04.452 CET" StructureHandle="local-7" StructureKind="timing"/><InteractionEvent Delta="deactivated" EndDate="2013-12-01 14:31:55.341 CET" Interest="1.0" Kind="command" Navigation="" OriginId="org.eclipse.ui.workbench" StartDate="2013-12-01 14:31:55.341 CET" StructureHandle="local-7" StructureKind="activation"/><InteractionEvent Delta="activated" EndDate="2013-12-01 14:32:04.217 CET" Interest="1.0" Kind="command" Navigation="" OriginId="org.eclipse.ui.workbench" StartDate="2013-12-01 14:32:04.217 CET" StructureHandle="local-10" StructureKind="activation"/><InteractionEvent Delta="added" EndDate="2013-12-01 14:37:04.907 CET" Interest="1.0" Kind="attention" Navigation="" OriginId="org.eclipse.ui.workbench" StartDate="2013-12-01 14:31:34.749 CET" StructureHandle="local-10" StructureKind="timing"/><InteractionEvent Delta="deactivated" EndDate="2013-12-01 14:37:17.855 CET" Interest="1.0" Kind="command" Navigation="" OriginId="org.eclipse.ui.workbench" StartDate="2013-12-01 14:37:17.855 CET" StructureHandle="local-10" StructureKind="activation"/><InteractionEvent Delta="added" EndDate="2013-12-01 14:38:04.935 CET" Interest="1.0" Kind="attention" Navigation="" OriginId="org.eclipse.ui.workbench" StartDate="2013-12-01 14:37:04.907 CET" StructureHandle="none" StructureKind="workingset"/><InteractionEvent Delta="activated" EndDate="2013-12-01 14:38:19.287 CET" Interest="1.0" Kind="command" Navigation="" OriginId="org.eclipse.ui.workbench" StartDate="2013-12-01 14:38:19.287 CET" StructureHandle="local-10" StructureKind="activation"/><InteractionEvent Delta="added" EndDate="2013-12-01 14:56:35.625 CET" Interest="1.0" Kind="attention" Navigation="" OriginId="org.eclipse.ui.workbench" StartDate="2013-12-01 14:38:04.935 CET" StructureHandle="local-10" StructureKind="timing"/><InteractionEvent Delta="deactivated" EndDate="2013-12-01 15:03:55.566 CET" Interest="1.0" Kind="command" Navigation="" OriginId="org.eclipse.ui.workbench" StartDate="2013-12-01 15:03:55.566 CET" StructureHandle="local-10" StructureKind="activation"/><InteractionEvent Delta="activated" EndDate="2013-12-01 15:04:03.896 CET" Interest="1.0" Kind="command" Navigation="" OriginId="org.eclipse.ui.workbench" StartDate="2013-12-01 15:04:03.896 CET" StructureHandle="local-10" StructureKind="activation"/><InteractionEvent Delta="added" EndDate="2013-12-01 15:14:16.527 CET" Interest="1.0" Kind="attention" Navigation="" OriginId="org.eclipse.ui.workbench" StartDate="2013-12-01 15:03:43.959 CET" StructureHandle="local-10" StructureKind="timing"/><InteractionEvent Delta="deactivated" EndDate="2013-12-01 15:14:32.584 CET" Interest="1.0" Kind="command" Navigation="" OriginId="org.eclipse.ui.workbench" StartDate="2013-12-01 15:14:32.584 CET" StructureHandle="local-10" StructureKind="activation"/><InteractionEvent Delta="added" EndDate="2013-12-01 15:25:17.465 CET" Interest="1.0" Kind="attention" Navigation="" OriginId="org.eclipse.ui.workbench" StartDate="2013-12-01 15:14:16.527 CET" StructureHandle="none" StructureKind="workingset"/><InteractionEvent Delta="activated" EndDate="2013-12-01 15:45:37.915 CET" Interest="1.0" Kind="command" Navigation="" OriginId="org.eclipse.ui.workbench" StartDate="2013-12-01 15:45:37.915 CET" StructureHandle="local-7" StructureKind="activation"/><InteractionEvent Delta="added" EndDate="2013-12-01 15:51:58.589 CET" Interest="1.0" Kind="attention" Navigation="" OriginId="org.eclipse.ui.workbench" StartDate="2013-12-01 15:45:28.392 CET" StructureHandle="local-7" StructureKind="timing"/><InteractionEvent Delta="deactivated" EndDate="2013-12-01 15:58:54.30 CET" Interest="1.0" Kind="command" Navigation="" OriginId="org.eclipse.ui.workbench" StartDate="2013-12-01 15:58:54.30 CET" StructureHandle="local-7" StructureKind="activation"/><InteractionEvent Delta="added" EndDate="2013-12-01 15:59:55.88 CET" Interest="1.0" Kind="attention" Navigation="" OriginId="org.eclipse.ui.workbench" StartDate="2013-12-01 15:58:54.920 CET" StructureHandle="none" StructureKind="workingset"/><InteractionEvent Delta="added" EndDate="2013-12-01 16:00:25.138 CET" Interest="1.0" Kind="attention" Navigation="" OriginId="org.eclipse.ui.workbench" StartDate="2013-12-01 15:59:55.88 CET" StructureHandle="none" StructureKind="workingset"/><InteractionEvent Delta="added" EndDate="2013-12-01 16:02:25.247 CET" Interest="1.0" Kind="attention" Navigation="" OriginId="org.eclipse.ui.workbench" StartDate="2013-12-01 16:00:25.138 CET" StructureHandle="none" StructureKind="workingset"/><InteractionEvent Delta="added" EndDate="2013-12-01 18:39:04.846 CET" Interest="1.0" Kind="attention" Navigation="" OriginId="org.eclipse.ui.workbench" StartDate="2013-12-01 18:31:00.413 CET" StructureHandle="none" StructureKind="workingset"/><InteractionEvent Delta="added" EndDate="2013-12-01 23:19:35.58 CET" Interest="1.0" Kind="attention" Navigation="" OriginId="org.eclipse.ui.workbench" StartDate="2013-12-01 23:15:31.723 CET" StructureHandle="none" StructureKind="workingset"/><InteractionEvent Delta="added" EndDate="2013-12-20 16:21:10.486 CET" Interest="1.0" Kind="attention" Navigation="" OriginId="org.eclipse.ui.workbench" StartDate="2013-12-20 16:17:07.868 CET" StructureHandle="none" StructureKind="workingset"/><InteractionEvent Delta="added" EndDate="2014-01-07 12:07:01.959 CET" Interest="1.0" Kind="attention" Navigation="" OriginId="org.eclipse.ui.workbench" StartDate="2014-01-07 12:05:58.716 CET" StructureHandle="none" StructureKind="workingset"/><InteractionEvent Delta="added" EndDate="2014-01-07 13:14:47.966 CET" Interest="1.0" Kind="attention" Navigation="" OriginId="org.eclipse.ui.workbench" StartDate="2014-01-07 13:11:17.290 CET" StructureHandle="none" StructureKind="workingset"/><InteractionEvent Delta="added" EndDate="2014-01-08 12:17:57.906 CET" Interest="1.0" Kind="attention" Navigation="" OriginId="org.eclipse.ui.workbench" StartDate="2014-01-08 12:15:27.72 CET" StructureHandle="none" StructureKind="workingset"/><InteractionEvent Delta="added" EndDate="2014-01-09 11:18:33.632 CET" Interest="1.0" Kind="attention" Navigation="" OriginId="org.eclipse.ui.workbench" StartDate="2014-01-09 11:15:58.850 CET" StructureHandle="none" StructureKind="workingset"/><InteractionEvent Delta="added" EndDate="2014-01-09 15:40:36.352 CET" Interest="1.0" Kind="attention" Navigation="" OriginId="org.eclipse.ui.workbench" StartDate="2014-01-09 15:02:03.37 CET" StructureHandle="none" StructureKind="workingset"/><InteractionEvent Delta="added" EndDate="2014-01-10 16:58:05.533 CET" Interest="1.0" Kind="attention" Navigation="" OriginId="org.eclipse.ui.workbench" StartDate="2014-01-10 16:38:02.286 CET" StructureHandle="none" StructureKind="workingset"/><InteractionEvent Delta="added" EndDate="2014-01-10 16:59:41.769 CET" Interest="1.0" Kind="attention" Navigation="" OriginId="org.eclipse.ui.workbench" StartDate="2014-01-10 16:59:11.755 CET" StructureHandle="none" StructureKind="workingset"/><InteractionEvent Delta="added" EndDate="2014-01-10 17:00:11.783 CET" Interest="1.0" Kind="attention" Navigation="" OriginId="org.eclipse.ui.workbench" StartDate="2014-01-10 16:59:41.769 CET" StructureHandle="none" StructureKind="workingset"/><InteractionEvent Delta="added" EndDate="2014-01-10 17:41:43.906 CET" Interest="1.0" Kind="attention" Navigation="" OriginId="org.eclipse.ui.workbench" StartDate="2014-01-10 17:00:11.783 CET" StructureHandle="none" StructureKind="workingset"/><InteractionEvent Delta="added" EndDate="2014-01-10 22:50:38.444 CET" Interest="1.0" Kind="attention" Navigation="" OriginId="org.eclipse.ui.workbench" StartDate="2014-01-10 22:41:37.987 CET" StructureHandle="none" StructureKind="workingset"/><InteractionEvent Delta="added" EndDate="2014-01-10 23:26:20.552 CET" Interest="1.0" Kind="attention" Navigation="" OriginId="org.eclipse.ui.workbench" StartDate="2014-01-10 23:01:19.310 CET" StructureHandle="none" StructureKind="workingset"/><InteractionEvent Delta="added" EndDate="2014-01-11 11:24:29.973 CET" Interest="1.0" Kind="attention" Navigation="" OriginId="org.eclipse.ui.workbench" StartDate="2014-01-11 11:10:59.286 CET" StructureHandle="none" StructureKind="workingset"/><InteractionEvent Delta="added" EndDate="2014-01-11 13:33:58.9 CET" Interest="1.0" Kind="attention" Navigation="" OriginId="org.eclipse.ui.workbench" StartDate="2014-01-11 13:15:27.118 CET" StructureHandle="none" StructureKind="workingset"/><InteractionEvent Delta="added" EndDate="2014-01-11 19:23:03.29 CET" Interest="1.0" Kind="attention" Navigation="" OriginId="org.eclipse.ui.workbench" StartDate="2014-01-11 19:15:26.708 CET" StructureHandle="none" StructureKind="workingset"/><InteractionEvent Delta="added" EndDate="2014-01-12 12:59:31.995 CET" Interest="1.0" Kind="attention" Navigation="" OriginId="org.eclipse.ui.workbench" StartDate="2014-01-12 12:09:29.890 CET" StructureHandle="none" StructureKind="workingset"/><InteractionEvent Delta="added" EndDate="2014-01-12 13:00:02.9 CET" Interest="1.0" Kind="attention" Navigation="" OriginId="org.eclipse.ui.workbench" StartDate="2014-01-12 12:59:31.995 CET" StructureHandle="none" StructureKind="workingset"/><InteractionEvent Delta="added" EndDate="2014-01-12 13:22:02.653 CET" Interest="1.0" Kind="attention" Navigation="" OriginId="org.eclipse.ui.workbench" StartDate="2014-01-12 13:00:02.9 CET" StructureHandle="none" StructureKind="workingset"/><InteractionEvent Delta="added" EndDate="2014-01-12 15:54:52.568 CET" Interest="1.0" Kind="attention" Navigation="" OriginId="org.eclipse.ui.workbench" StartDate="2014-01-12 15:37:19.762 CET" StructureHandle="none" StructureKind="workingset"/><InteractionEvent Delta="added" EndDate="2014-01-12 18:59:34.25 CET" Interest="1.0" Kind="attention" Navigation="" OriginId="org.eclipse.ui.workbench" StartDate="2014-01-12 18:42:32.595 CET" StructureHandle="none" StructureKind="workingset"/><InteractionEvent Delta="added" EndDate="2014-01-12 19:00:04.39 CET" Interest="1.0" Kind="attention" Navigation="" OriginId="org.eclipse.ui.workbench" StartDate="2014-01-12 18:59:34.25 CET" StructureHandle="none" StructureKind="workingset"/><InteractionEvent Delta="added" EndDate="2014-01-12 19:22:04.735 CET" Interest="1.0" Kind="attention" Navigation="" OriginId="org.eclipse.ui.workbench" StartDate="2014-01-12 19:00:04.39 CET" StructureHandle="none" StructureKind="workingset"/><InteractionEvent Delta="added" EndDate="2014-01-13 00:08:33.574 CET" Interest="1.0" Kind="attention" Navigation="" OriginId="org.eclipse.ui.workbench" StartDate="2014-01-13 00:06:01.700 CET" StructureHandle="none" StructureKind="workingset"/><InteractionEvent Delta="added" EndDate="2014-01-14 14:59:41.159 CET" Interest="1.0" Kind="attention" Navigation="" OriginId="org.eclipse.ui.workbench" StartDate="2014-01-14 14:55:39.62 CET" StructureHandle="none" StructureKind="workingset"/><InteractionEvent Delta="added" EndDate="2014-01-14 15:00:11.161 CET" Interest="1.0" Kind="attention" Navigation="" OriginId="org.eclipse.ui.workbench" StartDate="2014-01-14 14:59:41.159 CET" StructureHandle="none" StructureKind="workingset"/><InteractionEvent Delta="added" EndDate="2014-01-14 15:46:21.246 CET" Interest="1.0" Kind="attention" Navigation="" OriginId="org.eclipse.ui.workbench" StartDate="2014-01-14 15:00:11.161 CET" StructureHandle="none" StructureKind="workingset"/><InteractionEvent Delta="added" EndDate="2014-01-14 15:59:50.92 CET" Interest="1.0" Kind="attention" Navigation="" OriginId="org.eclipse.ui.workbench" StartDate="2014-01-14 15:59:20.42 CET" StructureHandle="none" StructureKind="workingset"/><InteractionEvent Delta="added" EndDate="2014-01-14 16:00:20.93 CET" Interest="1.0" Kind="attention" Navigation="" OriginId="org.eclipse.ui.workbench" StartDate="2014-01-14 15:59:50.92 CET" StructureHandle="none" StructureKind="workingset"/><InteractionEvent Delta="added" EndDate="2014-01-14 16:14:54.105 CET" Interest="1.0" Kind="attention" Navigation="" OriginId="org.eclipse.ui.workbench" StartDate="2014-01-14 16:00:20.93 CET" StructureHandle="none" StructureKind="workingset"/><InteractionEvent Delta="added" EndDate="2014-01-14 17:24:06.833 CET" Interest="1.0" Kind="attention" Navigation="" OriginId="org.eclipse.ui.workbench" StartDate="2014-01-14 17:15:36.474 CET" StructureHandle="none" StructureKind="workingset"/><InteractionEvent Delta="added" EndDate="2014-01-14 18:40:27.515 CET" Interest="1.0" Kind="attention" Navigation="" OriginId="org.eclipse.ui.workbench" StartDate="2014-01-14 18:39:23.36 CET" StructureHandle="none" StructureKind="workingset"/><InteractionEvent Delta="added" EndDate="2014-01-16 10:55:46.748 CET" Interest="1.0" Kind="attention" Navigation="" OriginId="org.eclipse.ui.workbench" StartDate="2014-01-16 10:34:09.702 CET" StructureHandle="none" StructureKind="workingset"/><InteractionEvent Delta="added" EndDate="2014-01-16 10:59:41.586 CET" Interest="1.0" Kind="attention" Navigation="" OriginId="org.eclipse.ui.workbench" StartDate="2014-01-16 10:59:11.572 CET" StructureHandle="none" StructureKind="workingset"/><InteractionEvent Delta="added" EndDate="2014-01-16 11:00:11.649 CET" Interest="1.0" Kind="attention" Navigation="" OriginId="org.eclipse.ui.workbench" StartDate="2014-01-16 10:59:41.586 CET" StructureHandle="none" StructureKind="workingset"/><InteractionEvent Delta="added" EndDate="2014-01-16 11:22:17.450 CET" Interest="1.0" Kind="attention" Navigation="" OriginId="org.eclipse.ui.workbench" StartDate="2014-01-16 11:00:11.649 CET" StructureHandle="none" StructureKind="workingset"/><InteractionEvent Delta="added" EndDate="2014-01-17 14:59:03.646 CET" Interest="1.0" Kind="attention" Navigation="" OriginId="org.eclipse.ui.workbench" StartDate="2014-01-17 14:52:00.614 CET" StructureHandle="none" StructureKind="workingset"/><InteractionEvent Delta="added" EndDate="2014-01-17 14:59:33.683 CET" Interest="1.0" Kind="attention" Navigation="" OriginId="org.eclipse.ui.workbench" StartDate="2014-01-17 14:59:03.646 CET" StructureHandle="none" StructureKind="workingset"/><InteractionEvent Delta="added" EndDate="2014-01-17 15:00:03.733 CET" Interest="1.0" Kind="attention" Navigation="" OriginId="org.eclipse.ui.workbench" StartDate="2014-01-17 14:59:33.683 CET" StructureHandle="none" StructureKind="workingset"/><InteractionEvent Delta="added" EndDate="2014-01-17 15:28:35.756 CET" Interest="1.0" Kind="attention" Navigation="" OriginId="org.eclipse.ui.workbench" StartDate="2014-01-17 15:00:03.733 CET" StructureHandle="none" StructureKind="workingset"/><InteractionEvent Delta="added" EndDate="2014-01-17 16:57:56.72 CET" Interest="1.0" Kind="attention" Navigation="" OriginId="org.eclipse.ui.workbench" StartDate="2014-01-17 16:20:18.771 CET" StructureHandle="none" StructureKind="workingset"/><InteractionEvent Delta="added" EndDate="2014-01-17 16:59:49.441 CET" Interest="1.0" Kind="attention" Navigation="" OriginId="org.eclipse.ui.workbench" StartDate="2014-01-17 16:59:19.438 CET" StructureHandle="none" StructureKind="workingset"/><InteractionEvent Delta="added" EndDate="2014-01-19 10:53:50.630 CET" Interest="1.0" Kind="attention" Navigation="" OriginId="org.eclipse.ui.workbench" StartDate="2014-01-19 10:51:18.842 CET" StructureHandle="none" StructureKind="workingset"/><InteractionEvent Delta="added" EndDate="2014-01-20 13:09:32.361 CET" Interest="1.0" Kind="attention" Navigation="" OriginId="org.eclipse.ui.workbench" StartDate="2014-01-20 13:00:31.175 CET" StructureHandle="none" StructureKind="workingset"/><InteractionEvent Delta="added" EndDate="2014-01-22 16:13:46.606 CET" Interest="1.0" Kind="attention" Navigation="" OriginId="org.eclipse.ui.workbench" StartDate="2014-01-22 16:09:14.341 CET" StructureHandle="none" StructureKind="workingset"/><InteractionEvent Delta="added" EndDate="2014-02-22 17:54:34.847 CET" Interest="1.0" Kind="attention" Navigation="" OriginId="org.eclipse.ui.workbench" StartDate="2014-02-22 17:40:59.301 CET" StructureHandle="none" StructureKind="workingset"/><InteractionEvent Delta="added" EndDate="2014-02-22 22:13:24.842 CET" Interest="1.0" Kind="attention" Navigation="" OriginId="org.eclipse.ui.workbench" StartDate="2014-02-22 22:03:45.324 CET" StructureHandle="none" StructureKind="workingset"/><InteractionEvent Delta="added" EndDate="2014-02-23 08:36:11.352 CET" Interest="1.0" Kind="attention" Navigation="" OriginId="org.eclipse.ui.workbench" StartDate="2014-02-23 08:33:37.956 CET" StructureHandle="none" StructureKind="workingset"/></InteractionHistory>