<?xml version="1.0" encoding="UTF-8"?><InteractionHistory Id="activity" Version="1"><InteractionEvent Delta="added" EndDate="2013-12-01 12:48:53.868 CET" Interest="1.0" Kind="attention" Navigation="" OriginId="org.eclipse.ui.workbench" StartDate="2013-12-01 12:26:21.558 CET" StructureHandle="none" StructureKind="workingset"/><InteractionEvent Delta="added" EndDate="2013-12-01 13:00:19.479 CET" Interest="1.0" Kind="attention" Navigation="" OriginId="org.eclipse.ui.workbench" StartDate="2013-12-01 12:59:49.465 CET" StructureHandle="none" StructureKind="workingset"/><InteractionEvent Delta="added" EndDate="2013-12-01 13:31:56.335 CET" Interest="1.0" Kind="attention" Navigation="" OriginId="org.eclipse.ui.workbench" StartDate="2013-12-01 13:00:19.479 CET" StructureHandle="none" StructureKind="workingset"/><InteractionEvent Delta="added" EndDate="2013-12-01 14:22:01.195 CET" Interest="1.0" Kind="attention" Navigation="" OriginId="org.eclipse.ui.workbench" StartDate="2013-12-01 14:00:26.520 CET" StructureHandle="none" StructureKind="workingset"/><InteractionEvent Delta="activated" EndDate="2013-12-01 14:24:32.142 CET" Interest="1.0" Kind="command" Navigation="" OriginId="org.eclipse.ui.workbench" StartDate="2013-12-01 14:24:32.142 CET" StructureHandle="local-7" StructureKind="activation"/><InteractionEvent Delta="added" EndDate="2013-12-01 14:31:34.749 CET" Interest="1.0" Kind="attention" Navigation="" OriginId="org.eclipse.ui.workbench" StartDate="2013-12-01 14:24:04.452 CET" StructureHandle="local-7" StructureKind="timing"/><InteractionEvent Delta="deactivated" EndDate="2013-12-01 14:31:55.341 CET" Interest="1.0" Kind="command" Navigation="" OriginId="org.eclipse.ui.workbench" StartDate="2013-12-01 14:31:55.341 CET" StructureHandle="local-7" StructureKind="activation"/><InteractionEvent Delta="activated" EndDate="2013-12-01 14:32:04.217 CET" Interest="1.0" Kind="command" Navigation="" OriginId="org.eclipse.ui.workbench" StartDate="2013-12-01 14:32:04.217 CET" StructureHandle="local-10" StructureKind="activation"/><InteractionEvent Delta="added" EndDate="2013-12-01 14:37:04.907 CET" Interest="1.0" Kind="attention" Navigation="" OriginId="org.eclipse.ui.workbench" StartDate="2013-12-01 14:31:34.749 CET" StructureHandle="local-10" StructureKind="timing"/><InteractionEvent Delta="deactivated" EndDate="2013-12-01 14:37:17.855 CET" Interest="1.0" Kind="command" Navigation="" OriginId="org.eclipse.ui.workbench" StartDate="2013-12-01 14:37:17.855 CET" StructureHandle="local-10" StructureKind="activation"/><InteractionEvent Delta="added" EndDate="2013-12-01 14:38:04.935 CET" Interest="1.0" Kind="attention" Navigation="" OriginId="org.eclipse.ui.workbench" StartDate="2013-12-01 14:37:04.907 CET" StructureHandle="none" StructureKind="workingset"/><InteractionEvent Delta="activated" EndDate="2013-12-01 14:38:19.287 CET" Interest="1.0" Kind="command" Navigation="" OriginId="org.eclipse.ui.workbench" StartDate="2013-12-01 14:38:19.287 CET" StructureHandle="local-10" StructureKind="activation"/><InteractionEvent Delta="added" EndDate="2013-12-01 14:56:35.625 CET" Interest="1.0" Kind="attention" Navigation="" OriginId="org.eclipse.ui.workbench" StartDate="2013-12-01 14:38:04.935 CET" StructureHandle="local-10" StructureKind="timing"/><InteractionEvent Delta="deactivated" EndDate="2013-12-01 15:03:55.566 CET" Interest="1.0" Kind="command" Navigation="" OriginId="org.eclipse.ui.workbench" StartDate="2013-12-01 15:03:55.566 CET" StructureHandle="local-10" StructureKind="activation"/><InteractionEvent Delta="activated" EndDate="2013-12-01 15:04:03.896 CET" Interest="1.0" Kind="command" Navigation="" OriginId="org.eclipse.ui.workbench" StartDate="2013-12-01 15:04:03.896 CET" StructureHandle="local-10" StructureKind="activation"/><InteractionEvent Delta="added" EndDate="2013-12-01 15:13:16.499 CET" Interest="1.0" Kind="attention" Navigation="" OriginId="org.eclipse.ui.workbench" StartDate="2013-12-01 15:03:43.959 CET" StructureHandle="local-10" StructureKind="timing"/></InteractionHistory>