<?xml version="1.0" encoding="UTF-8"?><InteractionHistory Id="activity" Version="1"><InteractionEvent Delta="added" EndDate="2013-12-01 12:48:53.868 CET" Interest="1.0" Kind="attention" Navigation="" OriginId="org.eclipse.ui.workbench" StartDate="2013-12-01 12:26:21.558 CET" StructureHandle="none" StructureKind="workingset"/><InteractionEvent Delta="added" EndDate="2013-12-01 13:00:19.479 CET" Interest="1.0" Kind="attention" Navigation="" OriginId="org.eclipse.ui.workbench" StartDate="2013-12-01 12:59:49.465 CET" StructureHandle="none" StructureKind="workingset"/><InteractionEvent Delta="added" EndDate="2013-12-01 13:31:56.335 CET" Interest="1.0" Kind="attention" Navigation="" OriginId="org.eclipse.ui.workbench" StartDate="2013-12-01 13:00:19.479 CET" StructureHandle="none" StructureKind="workingset"/><InteractionEvent Delta="added" EndDate="2013-12-01 14:22:01.195 CET" Interest="1.0" Kind="attention" Navigation="" OriginId="org.eclipse.ui.workbench" StartDate="2013-12-01 14:00:26.520 CET" StructureHandle="none" StructureKind="workingset"/><InteractionEvent Delta="activated" EndDate="2013-12-01 14:24:32.142 CET" Interest="1.0" Kind="command" Navigation="" OriginId="org.eclipse.ui.workbench" StartDate="2013-12-01 14:24:32.142 CET" StructureHandle="local-7" StructureKind="activation"/><InteractionEvent Delta="added" EndDate="2013-12-01 14:31:34.749 CET" Interest="1.0" Kind="attention" Navigation="" OriginId="org.eclipse.ui.workbench" StartDate="2013-12-01 14:24:04.452 CET" StructureHandle="local-7" StructureKind="timing"/><InteractionEvent Delta="deactivated" EndDate="2013-12-01 14:31:55.341 CET" Interest="1.0" Kind="command" Navigation="" OriginId="org.eclipse.ui.workbench" StartDate="2013-12-01 14:31:55.341 CET" StructureHandle="local-7" StructureKind="activation"/><InteractionEvent Delta="activated" EndDate="2013-12-01 14:32:04.217 CET" Interest="1.0" Kind="command" Navigation="" OriginId="org.eclipse.ui.workbench" StartDate="2013-12-01 14:32:04.217 CET" StructureHandle="local-10" StructureKind="activation"/><InteractionEvent Delta="added" EndDate="2013-12-01 14:37:04.907 CET" Interest="1.0" Kind="attention" Navigation="" OriginId="org.eclipse.ui.workbench" StartDate="2013-12-01 14:31:34.749 CET" StructureHandle="local-10" StructureKind="timing"/><InteractionEvent Delta="deactivated" EndDate="2013-12-01 14:37:17.855 CET" Interest="1.0" Kind="command" Navigation="" OriginId="org.eclipse.ui.workbench" StartDate="2013-12-01 14:37:17.855 CET" StructureHandle="local-10" StructureKind="activation"/><InteractionEvent Delta="added" EndDate="2013-12-01 14:38:04.935 CET" Interest="1.0" Kind="attention" Navigation="" OriginId="org.eclipse.ui.workbench" StartDate="2013-12-01 14:37:04.907 CET" StructureHandle="none" StructureKind="workingset"/><InteractionEvent Delta="activated" EndDate="2013-12-01 14:38:19.287 CET" Interest="1.0" Kind="command" Navigation="" OriginId="org.eclipse.ui.workbench" StartDate="2013-12-01 14:38:19.287 CET" StructureHandle="local-10" StructureKind="activation"/><InteractionEvent Delta="added" EndDate="2013-12-01 14:56:35.625 CET" Interest="1.0" Kind="attention" Navigation="" OriginId="org.eclipse.ui.workbench" StartDate="2013-12-01 14:38:04.935 CET" StructureHandle="local-10" StructureKind="timing"/><InteractionEvent Delta="deactivated" EndDate="2013-12-01 15:03:55.566 CET" Interest="1.0" Kind="command" Navigation="" OriginId="org.eclipse.ui.workbench" StartDate="2013-12-01 15:03:55.566 CET" StructureHandle="local-10" StructureKind="activation"/><InteractionEvent Delta="activated" EndDate="2013-12-01 15:04:03.896 CET" Interest="1.0" Kind="command" Navigation="" OriginId="org.eclipse.ui.workbench" StartDate="2013-12-01 15:04:03.896 CET" StructureHandle="local-10" StructureKind="activation"/><InteractionEvent Delta="added" EndDate="2013-12-01 15:14:16.527 CET" Interest="1.0" Kind="attention" Navigation="" OriginId="org.eclipse.ui.workbench" StartDate="2013-12-01 15:03:43.959 CET" StructureHandle="local-10" StructureKind="timing"/><InteractionEvent Delta="deactivated" EndDate="2013-12-01 15:14:32.584 CET" Interest="1.0" Kind="command" Navigation="" OriginId="org.eclipse.ui.workbench" StartDate="2013-12-01 15:14:32.584 CET" StructureHandle="local-10" StructureKind="activation"/><InteractionEvent Delta="added" EndDate="2013-12-01 15:25:17.465 CET" Interest="1.0" Kind="attention" Navigation="" OriginId="org.eclipse.ui.workbench" StartDate="2013-12-01 15:14:16.527 CET" StructureHandle="none" StructureKind="workingset"/><InteractionEvent Delta="activated" EndDate="2013-12-01 15:45:37.915 CET" Interest="1.0" Kind="command" Navigation="" OriginId="org.eclipse.ui.workbench" StartDate="2013-12-01 15:45:37.915 CET" StructureHandle="local-7" StructureKind="activation"/><InteractionEvent Delta="added" EndDate="2013-12-01 15:51:58.589 CET" Interest="1.0" Kind="attention" Navigation="" OriginId="org.eclipse.ui.workbench" StartDate="2013-12-01 15:45:28.392 CET" StructureHandle="local-7" StructureKind="timing"/><InteractionEvent Delta="deactivated" EndDate="2013-12-01 15:58:54.30 CET" Interest="1.0" Kind="command" Navigation="" OriginId="org.eclipse.ui.workbench" StartDate="2013-12-01 15:58:54.30 CET" StructureHandle="local-7" StructureKind="activation"/><InteractionEvent Delta="added" EndDate="2013-12-01 15:59:55.88 CET" Interest="1.0" Kind="attention" Navigation="" OriginId="org.eclipse.ui.workbench" StartDate="2013-12-01 15:58:54.920 CET" StructureHandle="none" StructureKind="workingset"/><InteractionEvent Delta="added" EndDate="2013-12-01 16:00:25.138 CET" Interest="1.0" Kind="attention" Navigation="" OriginId="org.eclipse.ui.workbench" StartDate="2013-12-01 15:59:55.88 CET" StructureHandle="none" StructureKind="workingset"/><InteractionEvent Delta="added" EndDate="2013-12-01 16:02:25.247 CET" Interest="1.0" Kind="attention" Navigation="" OriginId="org.eclipse.ui.workbench" StartDate="2013-12-01 16:00:25.138 CET" StructureHandle="none" StructureKind="workingset"/><InteractionEvent Delta="added" EndDate="2013-12-01 18:39:04.846 CET" Interest="1.0" Kind="attention" Navigation="" OriginId="org.eclipse.ui.workbench" StartDate="2013-12-01 18:31:00.413 CET" StructureHandle="none" StructureKind="workingset"/><InteractionEvent Delta="added" EndDate="2013-12-01 23:19:35.58 CET" Interest="1.0" Kind="attention" Navigation="" OriginId="org.eclipse.ui.workbench" StartDate="2013-12-01 23:15:31.723 CET" StructureHandle="none" StructureKind="workingset"/><InteractionEvent Delta="added" EndDate="2013-12-20 16:21:10.486 CET" Interest="1.0" Kind="attention" Navigation="" OriginId="org.eclipse.ui.workbench" StartDate="2013-12-20 16:17:07.868 CET" StructureHandle="none" StructureKind="workingset"/><InteractionEvent Delta="added" EndDate="2014-01-07 12:07:01.959 CET" Interest="1.0" Kind="attention" Navigation="" OriginId="org.eclipse.ui.workbench" StartDate="2014-01-07 12:05:58.716 CET" StructureHandle="none" StructureKind="workingset"/><InteractionEvent Delta="added" EndDate="2014-01-07 13:14:47.966 CET" Interest="1.0" Kind="attention" Navigation="" OriginId="org.eclipse.ui.workbench" StartDate="2014-01-07 13:11:17.290 CET" StructureHandle="none" StructureKind="workingset"/><InteractionEvent Delta="added" EndDate="2014-01-08 12:17:57.906 CET" Interest="1.0" Kind="attention" Navigation="" OriginId="org.eclipse.ui.workbench" StartDate="2014-01-08 12:15:27.72 CET" StructureHandle="none" StructureKind="workingset"/><InteractionEvent Delta="added" EndDate="2014-01-09 11:18:33.632 CET" Interest="1.0" Kind="attention" Navigation="" OriginId="org.eclipse.ui.workbench" StartDate="2014-01-09 11:15:58.850 CET" StructureHandle="none" StructureKind="workingset"/><InteractionEvent Delta="added" EndDate="2014-01-09 15:40:36.352 CET" Interest="1.0" Kind="attention" Navigation="" OriginId="org.eclipse.ui.workbench" StartDate="2014-01-09 15:02:03.37 CET" StructureHandle="none" StructureKind="workingset"/><InteractionEvent Delta="added" EndDate="2014-01-10 16:58:05.533 CET" Interest="1.0" Kind="attention" Navigation="" OriginId="org.eclipse.ui.workbench" StartDate="2014-01-10 16:38:02.286 CET" StructureHandle="none" StructureKind="workingset"/><InteractionEvent Delta="added" EndDate="2014-01-10 16:59:41.769 CET" Interest="1.0" Kind="attention" Navigation="" OriginId="org.eclipse.ui.workbench" StartDate="2014-01-10 16:59:11.755 CET" StructureHandle="none" StructureKind="workingset"/><InteractionEvent Delta="added" EndDate="2014-01-10 17:00:11.783 CET" Interest="1.0" Kind="attention" Navigation="" OriginId="org.eclipse.ui.workbench" StartDate="2014-01-10 16:59:41.769 CET" StructureHandle="none" StructureKind="workingset"/><InteractionEvent Delta="added" EndDate="2014-01-10 17:29:42.556 CET" Interest="1.0" Kind="attention" Navigation="" OriginId="org.eclipse.ui.workbench" StartDate="2014-01-10 17:00:11.783 CET" StructureHandle="none" StructureKind="workingset"/></InteractionHistory>