<?xml version="1.0" encoding="UTF-8"?><InteractionHistory Id="local-10" Version="1"><InteractionEvent Delta="null" EndDate="2013-12-01 15:14:22.799 CET" Interest="9.364" Kind="propagation" Navigation="org.eclipse.mylyn.core.model.edges.containment" OriginId="org.eclipse.mylyn.core.model.interest.propagation" StartDate="2013-12-01 14:32:05.980 CET" StructureHandle="" StructureKind="java" NumEvents="11" CreationCount="1"/><InteractionEvent Delta="null" EndDate="2013-12-01 15:13:39.134 CET" Interest="283.0" Kind="propagation" Navigation="null" OriginId="org.eclipse.jdt.ui.PackageExplorer" StartDate="2013-12-01 14:32:12.80 CET" StructureHandle="/accounting-core/src" StructureKind="resource" NumEvents="283" CreationCount="2"/><InteractionEvent Delta="null" EndDate="2013-12-01 15:04:06.798 CET" Interest="63.2" Kind="propagation" Navigation="org.eclipse.mylyn.core.model.edges.containment" OriginId="org.eclipse.mylyn.core.model.interest.propagation" StartDate="2013-12-01 14:49:18.764 CET" StructureHandle="=accounting-ui/src&amp;lt;de.togginho.accounting.ui.expense{MultiEditExpensesHandler.java[MultiEditExpensesHandler[MultiEditExpenseDialog" StructureKind="java" NumEvents="89" CreationCount="313"/><InteractionEvent Delta="null" EndDate="2013-12-01 15:04:06.798 CET" Interest="68.079" Kind="propagation" Navigation="org.eclipse.mylyn.core.model.edges.containment" OriginId="org.eclipse.mylyn.core.model.interest.propagation" StartDate="2013-12-01 14:33:24.289 CET" StructureHandle="=accounting-ui/src&amp;lt;de.togginho.accounting.ui.expense" StructureKind="java" NumEvents="97" CreationCount="26"/><InteractionEvent Delta="null" EndDate="2013-12-01 15:08:19.91 CET" Interest="2.255" Kind="propagation" Navigation="org.eclipse.mylyn.core.model.edges.containment" OriginId="org.eclipse.mylyn.core.model.interest.propagation" StartDate="2013-12-01 15:08:15.456 CET" StructureHandle="=accounting-core-tests/src&amp;lt;de.togginho.accounting.service{AccountingServiceImplTest.java" StructureKind="java" NumEvents="4" CreationCount="411"/><InteractionEvent Delta="null" EndDate="2013-12-01 15:10:38.751 CET" Interest="9.0" Kind="selection" Navigation="null" OriginId="org.eclipse.jdt.ui.CompilationUnitEditor" StartDate="2013-12-01 15:07:00.231 CET" StructureHandle="=accounting-core-tests/src&amp;lt;de.togginho.accounting.service{AccountingServiceImplTest.java" StructureKind="java" NumEvents="9" CreationCount="411"/><InteractionEvent Delta="null" EndDate="2013-12-01 15:07:00.621 CET" Interest="1.0" Kind="edit" Navigation="null" OriginId="org.eclipse.jdt.ui.CompilationUnitEditor" StartDate="2013-12-01 15:07:00.621 CET" StructureHandle="=accounting-core-tests/src&amp;lt;de.togginho.accounting.service{AccountingServiceImplTest.java" StructureKind="java"/><InteractionEvent Delta="null" EndDate="2013-12-01 15:08:34.504 CET" Interest="1.0" Kind="propagation" Navigation="org.eclipse.mylyn.core.model.edges.containment" OriginId="org.eclipse.mylyn.core.model.interest.propagation" StartDate="2013-12-01 15:08:34.504 CET" StructureHandle="=accounting-core/src&amp;lt;de.togginho.accounting.service{AccountingServiceImpl.java[AccountingServiceImpl~getExpensesAsSet~QTimeFrame;~\[QExpenseType;" StructureKind="java"/><InteractionEvent Delta="null" EndDate="2013-12-01 14:47:33.589 CET" Interest="3.8790002" Kind="manipulation" Navigation="null" OriginId="org.eclipse.mylyn.core.model.interest.decay.correction" StartDate="2013-12-01 14:47:33.589 CET" StructureHandle="=accounting-core/src&amp;lt;de.togginho.accounting.model.internal{ModelMetaInformationImpl.java[ModelMetaInformationImpl~setOldestExpense~QCalendar;" StructureKind="java"/><InteractionEvent Delta="null" EndDate="2013-12-01 14:47:33.589 CET" Interest="2.0" Kind="selection" Navigation="null" OriginId="org.eclipse.jdt.ui.CompilationUnitEditor" StartDate="2013-12-01 14:34:07.35 CET" StructureHandle="=accounting-core/src&amp;lt;de.togginho.accounting.model.internal{ModelMetaInformationImpl.java[ModelMetaInformationImpl~setOldestExpense~QCalendar;" StructureKind="java" NumEvents="2" CreationCount="1"/><InteractionEvent Delta="null" EndDate="2013-12-01 14:47:35.336 CET" Interest="1.0" Kind="edit" Navigation="null" OriginId="org.eclipse.jdt.ui.CompilationUnitEditor" StartDate="2013-12-01 14:47:35.336 CET" StructureHandle="=accounting-core/src&amp;lt;de.togginho.accounting.model.internal{ModelMetaInformationImpl.java[ModelMetaInformationImpl~setOldestExpense~QCalendar;" StructureKind="java"/><InteractionEvent Delta="null" EndDate="2013-12-01 14:47:48.3 CET" Interest="1.0" Kind="selection" Navigation="null" OriginId="org.eclipse.jdt.ui.CompilationUnitEditor" StartDate="2013-12-01 14:47:48.3 CET" StructureHandle="=accounting-core/src&amp;lt;de.togginho.accounting.model.internal{ModelMetaInformationImpl.java[ModelMetaInformationImpl~setNumberOfInvoices~I" StructureKind="java"/><InteractionEvent Delta="null" EndDate="2013-12-01 15:14:30.26 CET" Interest="89.45999" Kind="propagation" Navigation="org.eclipse.mylyn.core.model.edges.containment" OriginId="org.eclipse.mylyn.core.model.interest.propagation" StartDate="2013-12-01 14:32:22.188 CET" StructureHandle="/accounting-core-tests/src/de" StructureKind="resource" NumEvents="85" CreationCount="10"/><InteractionEvent Delta="null" EndDate="2013-12-01 15:04:06.798 CET" Interest="124.0" Kind="propagation" Navigation="null" OriginId="org.eclipse.jdt.ui.PackageExplorer" StartDate="2013-12-01 14:33:24.289 CET" StructureHandle="/accounting-ui/src/de/togginho/accounting/ui/expense" StructureKind="resource" NumEvents="124" CreationCount="26"/><InteractionEvent Delta="null" EndDate="2013-12-01 15:14:30.26 CET" Interest="44.476997" Kind="propagation" Navigation="org.eclipse.mylyn.core.model.edges.containment" OriginId="org.eclipse.mylyn.core.model.interest.propagation" StartDate="2013-12-01 14:32:22.188 CET" StructureHandle="=accounting-core-tests/src" StructureKind="java" NumEvents="54" CreationCount="10"/><InteractionEvent Delta="null" EndDate="2013-12-01 15:08:33.818 CET" Interest="37.164997" Kind="propagation" Navigation="org.eclipse.mylyn.core.model.edges.containment" OriginId="org.eclipse.mylyn.core.model.interest.propagation" StartDate="2013-12-01 14:32:12.95 CET" StructureHandle="=accounting-core/src" StructureKind="java" NumEvents="56" CreationCount="2"/><InteractionEvent Delta="null" EndDate="2013-12-01 15:14:30.26 CET" Interest="89.45999" Kind="propagation" Navigation="org.eclipse.mylyn.core.model.edges.containment" OriginId="org.eclipse.mylyn.core.model.interest.propagation" StartDate="2013-12-01 14:32:22.188 CET" StructureHandle="/accounting-core-tests/src/de/togginho" StructureKind="resource" NumEvents="85" CreationCount="10"/><InteractionEvent Delta="null" EndDate="2013-12-01 14:45:35.247 CET" Interest="27.244" Kind="propagation" Navigation="org.eclipse.mylyn.core.model.edges.containment" OriginId="org.eclipse.mylyn.core.model.interest.propagation" StartDate="2013-12-01 14:42:37.998 CET" StructureHandle="=accounting-core/src&amp;lt;de.togginho.accounting.model{ModelMetaInformation.java[ModelMetaInformation" StructureKind="java" NumEvents="41" CreationCount="165"/><InteractionEvent Delta="null" EndDate="2013-12-01 14:43:45.422 CET" Interest="3.0" Kind="selection" Navigation="null" OriginId="org.eclipse.jdt.ui.CompilationUnitEditor" StartDate="2013-12-01 14:42:37.218 CET" StructureHandle="=accounting-core/src&amp;lt;de.togginho.accounting.model{ModelMetaInformation.java[ModelMetaInformation" StructureKind="java" NumEvents="3" CreationCount="165"/><InteractionEvent Delta="null" EndDate="2013-12-01 14:43:50.211 CET" Interest="1.0" Kind="edit" Navigation="null" OriginId="org.eclipse.jdt.ui.CompilationUnitEditor" StartDate="2013-12-01 14:43:50.211 CET" StructureHandle="=accounting-core/src&amp;lt;de.togginho.accounting.model{ModelMetaInformation.java[ModelMetaInformation" StructureKind="java"/><InteractionEvent Delta="null" EndDate="2013-12-01 14:45:47.914 CET" Interest="26.978" Kind="propagation" Navigation="org.eclipse.mylyn.core.model.edges.containment" OriginId="org.eclipse.mylyn.core.model.interest.propagation" StartDate="2013-12-01 14:42:39.28 CET" StructureHandle="=accounting-core/src&amp;lt;de.togginho.accounting.model{ModelMetaInformation.java" StructureKind="java" NumEvents="42" CreationCount="163"/><InteractionEvent Delta="null" EndDate="2013-12-01 14:47:55.725 CET" Interest="5.0" Kind="selection" Navigation="null" OriginId="org.eclipse.jdt.ui.CompilationUnitEditor" StartDate="2013-12-01 14:42:36.532 CET" StructureHandle="=accounting-core/src&amp;lt;de.togginho.accounting.model{ModelMetaInformation.java" StructureKind="java" NumEvents="5" CreationCount="163"/><InteractionEvent Delta="null" EndDate="2013-12-01 14:44:06.653 CET" Interest="1.0" Kind="selection" Navigation="null" OriginId="org.eclipse.jdt.ui.CompilationUnitEditor" StartDate="2013-12-01 14:44:06.653 CET" StructureHandle="=accounting-core/src&amp;lt;de.togginho.accounting.model{ModelMetaInformation.java[ModelMetaInformation~getOldestKnownExpenseDate" StructureKind="java"/><InteractionEvent Delta="null" EndDate="2013-12-01 14:45:35.247 CET" Interest="42.0" Kind="edit" Navigation="null" OriginId="org.eclipse.jdt.ui.CompilationUnitEditor" StartDate="2013-12-01 14:44:07.542 CET" StructureHandle="=accounting-core/src&amp;lt;de.togginho.accounting.model{ModelMetaInformation.java[ModelMetaInformation~getOldestKnownExpenseDate" StructureKind="java" NumEvents="42" CreationCount="197"/><InteractionEvent Delta="null" EndDate="2013-12-01 14:32:21.564 CET" Interest="1.0" Kind="propagation" Navigation="org.eclipse.mylyn.core.model.edges.containment" OriginId="org.eclipse.mylyn.core.model.interest.propagation" StartDate="2013-12-01 14:32:21.564 CET" StructureHandle="=accounting-ui/src&amp;lt;de.togginho.accounting.ui.revenue{RevenueDialog.java" StructureKind="java"/><InteractionEvent Delta="null" EndDate="2013-12-01 15:14:30.26 CET" Interest="88.048996" Kind="propagation" Navigation="org.eclipse.mylyn.core.model.edges.containment" OriginId="org.eclipse.mylyn.core.model.interest.propagation" StartDate="2013-12-01 14:32:22.188 CET" StructureHandle="/accounting-core-tests/src/de/togginho/accounting" StructureKind="resource" NumEvents="85" CreationCount="93"/><InteractionEvent Delta="null" EndDate="2013-12-01 14:36:52.333 CET" Interest="2.0" Kind="selection" Navigation="null" OriginId="org.eclipse.jdt.ui.ClassFileEditor" StartDate="2013-12-01 14:36:52.333 CET" StructureHandle="=accounting-core/C:\/Program Files\/Java\/jdk1.7.0\/jre\/lib\/rt.jar&amp;lt;java.util(TreeSet.class[TreeSet~add~TE;" StructureKind="java" NumEvents="2" CreationCount="78"/><InteractionEvent Delta="null" EndDate="2013-12-01 15:04:06.798 CET" Interest="123.323006" Kind="propagation" Navigation="org.eclipse.mylyn.core.model.edges.containment" OriginId="org.eclipse.mylyn.core.model.interest.propagation" StartDate="2013-12-01 14:32:21.549 CET" StructureHandle="/accounting-ui/src/de" StructureKind="resource" NumEvents="125" CreationCount="7"/><InteractionEvent Delta="null" EndDate="2013-12-01 15:04:06.798 CET" Interest="63.2" Kind="propagation" Navigation="org.eclipse.mylyn.core.model.edges.containment" OriginId="org.eclipse.mylyn.core.model.interest.propagation" StartDate="2013-12-01 14:49:18.764 CET" StructureHandle="=accounting-ui/src&amp;lt;de.togginho.accounting.ui.expense{MultiEditExpensesHandler.java[MultiEditExpensesHandler" StructureKind="java" NumEvents="89" CreationCount="313"/><InteractionEvent Delta="null" EndDate="2013-12-01 15:14:22.814 CET" Interest="286.017" Kind="propagation" Navigation="null" OriginId="org.eclipse.mylyn.resources.ui.interest.updater" StartDate="2013-12-01 14:32:05.980 CET" StructureHandle="/" StructureKind="resource" NumEvents="290" CreationCount="1"/><InteractionEvent Delta="null" EndDate="2013-12-01 14:47:55.725 CET" Interest="31.978" Kind="propagation" Navigation="org.eclipse.mylyn.core.model.edges.containment" OriginId="org.eclipse.mylyn.core.model.interest.propagation" StartDate="2013-12-01 14:42:36.532 CET" StructureHandle="=accounting-core/src&amp;lt;de.togginho.accounting.model" StructureKind="java" NumEvents="49" CreationCount="163"/><InteractionEvent Delta="null" EndDate="2013-12-01 15:10:38.798 CET" Interest="25.0" Kind="propagation" Navigation="null" OriginId="org.eclipse.jdt.ui.CompilationUnitEditor" StartDate="2013-12-01 15:07:00.231 CET" StructureHandle="/accounting-core-tests/src/de/togginho/accounting/service/AccountingServiceImplTest.java" StructureKind="resource" NumEvents="25" CreationCount="411"/><InteractionEvent Delta="null" EndDate="2013-12-01 14:41:38.640 CET" Interest="4.151" Kind="propagation" Navigation="org.eclipse.mylyn.core.model.edges.containment" OriginId="org.eclipse.mylyn.core.model.interest.propagation" StartDate="2013-12-01 14:41:26.394 CET" StructureHandle="=accounting-core/src&amp;lt;de.togginho.accounting" StructureKind="java" NumEvents="5" CreationCount="136"/><InteractionEvent Delta="null" EndDate="2013-12-01 15:14:30.26 CET" Interest="87.77699" Kind="propagation" Navigation="org.eclipse.mylyn.core.model.edges.containment" OriginId="org.eclipse.mylyn.core.model.interest.propagation" StartDate="2013-12-01 14:32:22.188 CET" StructureHandle="/accounting-core-tests/src" StructureKind="resource" NumEvents="85" CreationCount="109"/><InteractionEvent Delta="null" EndDate="2013-12-01 15:08:34.504 CET" Interest="115.0" Kind="propagation" Navigation="org.eclipse.mylyn.core.model.edges.containment" OriginId="org.eclipse.mylyn.core.model.interest.propagation" StartDate="2013-12-01 14:32:12.80 CET" StructureHandle="/accounting-core/src/de/togginho/accounting/service" StructureKind="resource" NumEvents="115" CreationCount="2"/><InteractionEvent Delta="null" EndDate="2013-12-01 14:48:10.982 CET" Interest="16.5" Kind="propagation" Navigation="org.eclipse.mylyn.core.model.edges.containment" OriginId="org.eclipse.mylyn.core.model.interest.propagation" StartDate="2013-12-01 14:33:24.289 CET" StructureHandle="=accounting-ui/src&amp;lt;de.togginho.accounting.ui.expense{ExpenseEditingHelper.java[ExpenseEditingHelper" StructureKind="java" NumEvents="21" CreationCount="26"/><InteractionEvent Delta="null" EndDate="2013-12-01 15:14:22.736 CET" Interest="1.0" Kind="propagation" Navigation="null" OriginId="org.eclipse.mylyn.resources.ui.interest.updater" StartDate="2013-12-01 15:14:22.736 CET" StructureHandle="/accounting-core-tests/accounting_business.log" StructureKind="resource"/><InteractionEvent Delta="null" EndDate="2013-12-01 14:47:28.144 CET" Interest="1.0" Kind="selection" Navigation="null" OriginId="org.eclipse.jdt.ui.CompilationUnitEditor" StartDate="2013-12-01 14:47:28.144 CET" StructureHandle="=accounting-core/src&amp;lt;de.togginho.accounting.model.internal{ModelMetaInformationImpl.java[ModelMetaInformationImpl~setNumberOfExpenses~I" StructureKind="java"/><InteractionEvent Delta="null" EndDate="2013-12-01 15:04:06.798 CET" Interest="3.0" Kind="selection" Navigation="null" OriginId="org.eclipse.jdt.ui.PackageExplorer" StartDate="2013-12-01 14:49:18.764 CET" StructureHandle="=accounting-ui/src&amp;lt;de.togginho.accounting.ui.expense{MultiEditExpensesHandler.java[MultiEditExpensesHandler[MultiEditExpenseDialog~buildCategories~QComposite;" StructureKind="java" NumEvents="3" CreationCount="313"/><InteractionEvent Delta="null" EndDate="2013-12-01 15:04:05.82 CET" Interest="86.0" Kind="edit" Navigation="null" OriginId="org.eclipse.jdt.ui.CompilationUnitEditor" StartDate="2013-12-01 14:49:20.964 CET" StructureHandle="=accounting-ui/src&amp;lt;de.togginho.accounting.ui.expense{MultiEditExpensesHandler.java[MultiEditExpensesHandler[MultiEditExpenseDialog~buildCategories~QComposite;" StructureKind="java" NumEvents="86" CreationCount="313"/><InteractionEvent Delta="null" EndDate="2013-12-01 14:47:55.819 CET" Interest="133.238" Kind="propagation" Navigation="org.eclipse.mylyn.core.model.edges.containment" OriginId="org.eclipse.mylyn.core.model.interest.propagation" StartDate="2013-12-01 14:32:12.80 CET" StructureHandle="/accounting-core/src/de" StructureKind="resource" NumEvents="136" CreationCount="2"/><InteractionEvent Delta="null" EndDate="2013-12-01 15:14:30.26 CET" Interest="84.893" Kind="propagation" Navigation="org.eclipse.mylyn.core.model.edges.containment" OriginId="org.eclipse.mylyn.core.model.interest.propagation" StartDate="2013-12-01 14:32:22.188 CET" StructureHandle="=accounting-core-tests" StructureKind="resource" NumEvents="83" CreationCount="161"/><InteractionEvent Delta="null" EndDate="2013-12-01 15:13:54.921 CET" Interest="2.0" Kind="selection" Navigation="null" OriginId="org.eclipse.jdt.ui.PackageExplorer" StartDate="2013-12-01 15:11:59.606 CET" StructureHandle="=accounting-core-tests" StructureKind="java" NumEvents="2" CreationCount="161"/><InteractionEvent Delta="null" EndDate="2013-12-01 15:04:06.798 CET" Interest="68.402" Kind="propagation" Navigation="org.eclipse.mylyn.core.model.edges.containment" OriginId="org.eclipse.mylyn.core.model.interest.propagation" StartDate="2013-12-01 14:32:21.564 CET" StructureHandle="=accounting-ui/src" StructureKind="java" NumEvents="97" CreationCount="7"/><InteractionEvent Delta="null" EndDate="2013-12-01 14:32:21.564 CET" Interest="1.0" Kind="propagation" Navigation="org.eclipse.mylyn.core.model.edges.containment" OriginId="org.eclipse.mylyn.core.model.interest.propagation" StartDate="2013-12-01 14:32:21.564 CET" StructureHandle="=accounting-ui/src&amp;lt;de.togginho.accounting.ui.revenue" StructureKind="java"/><InteractionEvent Delta="null" EndDate="2013-12-01 14:37:06.529 CET" Interest="1.0" Kind="selection" Navigation="null" OriginId="org.eclipse.jdt.ui.ClassFileEditor" StartDate="2013-12-01 14:37:06.529 CET" StructureHandle="=accounting-core/C:\/Program Files\/Java\/jdk1.7.0\/jre\/lib\/rt.jar&amp;lt;java.util(TreeSet.class[TreeSet^m" StructureKind="java"/><InteractionEvent Delta="null" EndDate="2013-12-01 15:04:06.798 CET" Interest="123.323006" Kind="propagation" Navigation="org.eclipse.mylyn.core.model.edges.containment" OriginId="org.eclipse.mylyn.core.model.interest.propagation" StartDate="2013-12-01 14:32:21.549 CET" StructureHandle="/accounting-ui/src/de/togginho/accounting" StructureKind="resource" NumEvents="125" CreationCount="7"/><InteractionEvent Delta="null" EndDate="2013-12-01 14:43:56.45 CET" Interest="8.018" Kind="propagation" Navigation="org.eclipse.mylyn.core.model.edges.containment" OriginId="org.eclipse.mylyn.core.model.interest.propagation" StartDate="2013-12-01 14:33:01.950 CET" StructureHandle="=accounting-core/src&amp;lt;de.togginho.accounting.model.internal{ModelMetaInformationImpl.java[ModelMetaInformationImpl" StructureKind="java" NumEvents="12" CreationCount="18"/><InteractionEvent Delta="null" EndDate="2013-12-01 14:47:45.8 CET" Interest="9.0" Kind="selection" Navigation="null" OriginId="org.eclipse.jdt.ui.CompilationUnitEditor" StartDate="2013-12-01 14:33:00.109 CET" StructureHandle="=accounting-core/src&amp;lt;de.togginho.accounting.model.internal{ModelMetaInformationImpl.java[ModelMetaInformationImpl" StructureKind="java" NumEvents="9" CreationCount="18"/><InteractionEvent Delta="null" EndDate="2013-12-01 14:47:21.998 CET" Interest="3.0" Kind="edit" Navigation="null" OriginId="org.eclipse.jdt.ui.CompilationUnitEditor" StartDate="2013-12-01 14:33:04.446 CET" StructureHandle="=accounting-core/src&amp;lt;de.togginho.accounting.model.internal{ModelMetaInformationImpl.java[ModelMetaInformationImpl" StructureKind="java" NumEvents="3" CreationCount="18"/><InteractionEvent Delta="null" EndDate="2013-12-01 14:33:31.871 CET" Interest="1.0" Kind="selection" Navigation="null" OriginId="org.eclipse.jdt.ui.CompilationUnitEditor" StartDate="2013-12-01 14:33:31.871 CET" StructureHandle="=accounting-ui/src&amp;lt;de.togginho.accounting.ui.expense{ExpenseEditingHelper.java[ExpenseEditingHelper^expenseCategories" StructureKind="java"/><InteractionEvent Delta="null" EndDate="2013-12-01 15:08:34.504 CET" Interest="1.0" Kind="propagation" Navigation="org.eclipse.mylyn.core.model.edges.containment" OriginId="org.eclipse.mylyn.core.model.interest.propagation" StartDate="2013-12-01 15:08:34.504 CET" StructureHandle="=accounting-core/src&amp;lt;de.togginho.accounting.service{AccountingServiceImpl.java[AccountingServiceImpl~getExpensesAsSet~QTimeFrame;~\[QExpenseType;[" StructureKind="java"/><InteractionEvent Delta="null" EndDate="2013-12-01 15:04:06.798 CET" Interest="123.323006" Kind="propagation" Navigation="org.eclipse.mylyn.core.model.edges.containment" OriginId="org.eclipse.mylyn.core.model.interest.propagation" StartDate="2013-12-01 14:32:21.549 CET" StructureHandle="/accounting-ui/src" StructureKind="resource" NumEvents="125" CreationCount="7"/><InteractionEvent Delta="null" EndDate="2013-12-01 15:14:22.799 CET" Interest="3.0" Kind="propagation" Navigation="null" OriginId="org.eclipse.mylyn.resources.ui.interest.updater" StartDate="2013-12-01 15:14:22.799 CET" StructureHandle="/tasks" StructureKind="resource" NumEvents="3" CreationCount="493"/><InteractionEvent Delta="null" EndDate="2013-12-01 15:14:22.799 CET" Interest="1.0" Kind="prediction" Navigation="null" OriginId="org.eclipse.mylyn.resources.ui.interest.updater" StartDate="2013-12-01 15:14:22.799 CET" StructureHandle="/tasks/tasks.xml.zip" StructureKind="resource"/><InteractionEvent Delta="null" EndDate="2013-12-01 14:47:49.1 CET" Interest="60.0" Kind="propagation" Navigation="null" OriginId="org.eclipse.jdt.ui.CompilationUnitEditor" StartDate="2013-12-01 14:32:59.407 CET" StructureHandle="/accounting-core/src/de/togginho/accounting/model/internal/ModelMetaInformationImpl.java" StructureKind="resource" NumEvents="60" CreationCount="16"/><InteractionEvent Delta="null" EndDate="2013-12-01 14:36:50.164 CET" Interest="3.0" Kind="propagation" Navigation="org.eclipse.mylyn.core.model.edges.containment" OriginId="org.eclipse.mylyn.core.model.interest.propagation" StartDate="2013-12-01 14:36:40.87 CET" StructureHandle="=accounting-core/C:\/Program Files\/Java\/jdk1.7.0\/jre\/lib\/rt.jar&amp;lt;java.util(TreeSet.class[TreeSet" StructureKind="java" NumEvents="3" CreationCount="70"/><InteractionEvent Delta="null" EndDate="2013-12-01 15:10:38.798 CET" Interest="4.0" Kind="selection" Navigation="null" OriginId="org.eclipse.jdt.ui.CompilationUnitEditor" StartDate="2013-12-01 15:07:56.81 CET" StructureHandle="=accounting-core-tests/src&amp;lt;de.togginho.accounting.service{AccountingServiceImplTest.java[AccountingServiceImplTest~setUp" StructureKind="java" NumEvents="4" CreationCount="426"/><InteractionEvent Delta="null" EndDate="2013-12-01 15:08:19.91 CET" Interest="11.0" Kind="edit" Navigation="null" OriginId="org.eclipse.jdt.ui.CompilationUnitEditor" StartDate="2013-12-01 15:07:50.199 CET" StructureHandle="=accounting-core-tests/src&amp;lt;de.togginho.accounting.service{AccountingServiceImplTest.java[AccountingServiceImplTest~setUp" StructureKind="java" NumEvents="11" CreationCount="426"/><InteractionEvent Delta="null" EndDate="2013-12-01 15:14:22.799 CET" Interest="1.0" Kind="prediction" Navigation="null" OriginId="org.eclipse.mylyn.resources.ui.interest.updater" StartDate="2013-12-01 15:14:22.799 CET" StructureHandle="/tasks/contexts/activity.xml.zip" StructureKind="resource"/><InteractionEvent Delta="null" EndDate="2013-12-01 15:04:06.798 CET" Interest="123.323006" Kind="propagation" Navigation="org.eclipse.mylyn.core.model.edges.containment" OriginId="org.eclipse.mylyn.core.model.interest.propagation" StartDate="2013-12-01 14:32:21.549 CET" StructureHandle="/accounting-ui/src/de/togginho/accounting/ui" StructureKind="resource" NumEvents="125" CreationCount="7"/><InteractionEvent Delta="null" EndDate="2013-12-01 14:36:52.333 CET" Interest="1.0000002" Kind="propagation" Navigation="org.eclipse.mylyn.core.model.edges.containment" OriginId="org.eclipse.mylyn.core.model.interest.propagation" StartDate="2013-12-01 14:36:40.87 CET" StructureHandle="=accounting-core/C:\/Program Files\/Java\/jdk1.7.0\/jre\/lib\/rt.jar&amp;lt;java.util(TreeSet.class" StructureKind="java" NumEvents="2" CreationCount="70"/><InteractionEvent Delta="null" EndDate="2013-12-01 14:36:49.603 CET" Interest="2.0" Kind="selection" Navigation="null" OriginId="org.eclipse.jdt.ui.ClassFileEditor" StartDate="2013-12-01 14:36:42.739 CET" StructureHandle="=accounting-core/C:\/Program Files\/Java\/jdk1.7.0\/jre\/lib\/rt.jar&amp;lt;java.util(TreeSet.class" StructureKind="java" NumEvents="2" CreationCount="70"/><InteractionEvent Delta="null" EndDate="2013-12-01 14:47:32.325 CET" Interest="4.0" Kind="selection" Navigation="null" OriginId="org.eclipse.jdt.ui.CompilationUnitEditor" StartDate="2013-12-01 14:42:46.32 CET" StructureHandle="=accounting-core/src&amp;lt;de.togginho.accounting.model.internal{ModelMetaInformationImpl.java[ModelMetaInformationImpl~getExpenseCategories" StructureKind="java" NumEvents="4" CreationCount="172"/><InteractionEvent Delta="null" EndDate="2013-12-01 14:43:35.796 CET" Interest="13.0" Kind="edit" Navigation="null" OriginId="org.eclipse.jdt.ui.CompilationUnitEditor" StartDate="2013-12-01 14:42:50.478 CET" StructureHandle="=accounting-core/src&amp;lt;de.togginho.accounting.model.internal{ModelMetaInformationImpl.java[ModelMetaInformationImpl~getExpenseCategories" StructureKind="java" NumEvents="13" CreationCount="172"/><InteractionEvent Delta="null" EndDate="2013-12-01 15:14:30.26 CET" Interest="86.923996" Kind="propagation" Navigation="null" OriginId="org.eclipse.jdt.ui.CompilationUnitEditor" StartDate="2013-12-01 14:32:22.188 CET" StructureHandle="/accounting-core-tests/src/de/togginho/accounting/service" StructureKind="resource" NumEvents="85" CreationCount="218"/><InteractionEvent Delta="null" EndDate="2013-12-01 15:14:30.26 CET" Interest="40.923996" Kind="propagation" Navigation="org.eclipse.mylyn.core.model.edges.containment" OriginId="org.eclipse.mylyn.core.model.interest.propagation" StartDate="2013-12-01 14:32:22.188 CET" StructureHandle="=accounting-core-tests/src&amp;lt;de.togginho.accounting.service" StructureKind="java" NumEvents="54" CreationCount="219"/><InteractionEvent Delta="null" EndDate="2013-12-01 14:47:43.292 CET" Interest="3.0" Kind="selection" Navigation="null" OriginId="org.eclipse.jdt.ui.CompilationUnitEditor" StartDate="2013-12-01 14:33:07.67 CET" StructureHandle="=accounting-core/src&amp;lt;de.togginho.accounting.model.internal{ModelMetaInformationImpl.java[ModelMetaInformationImpl~getOldestKnownInvoiceDate" StructureKind="java" NumEvents="3" CreationCount="22"/><InteractionEvent Delta="null" EndDate="2013-12-01 14:47:44.25 CET" Interest="6.0" Kind="edit" Navigation="null" OriginId="org.eclipse.jdt.ui.CompilationUnitEditor" StartDate="2013-12-01 14:33:08.330 CET" StructureHandle="=accounting-core/src&amp;lt;de.togginho.accounting.model.internal{ModelMetaInformationImpl.java[ModelMetaInformationImpl~getOldestKnownInvoiceDate" StructureKind="java" NumEvents="6" CreationCount="22"/><InteractionEvent Delta="null" EndDate="2013-12-01 14:47:55.819 CET" Interest="99.0" Kind="propagation" Navigation="null" OriginId="org.eclipse.jdt.ui.CompilationUnitEditor" StartDate="2013-12-01 14:42:36.532 CET" StructureHandle="/accounting-core/src/de/togginho/accounting/model/ModelMetaInformation.java" StructureKind="resource" NumEvents="99" CreationCount="163"/><InteractionEvent Delta="null" EndDate="2013-12-01 15:04:06.798 CET" Interest="59.868" Kind="propagation" Navigation="org.eclipse.mylyn.core.model.edges.containment" OriginId="org.eclipse.mylyn.core.model.interest.propagation" StartDate="2013-12-01 14:49:23.460 CET" StructureHandle="=accounting-ui/src&amp;lt;de.togginho.accounting.ui.expense{MultiEditExpensesHandler.java" StructureKind="java" NumEvents="85" CreationCount="309"/><InteractionEvent Delta="null" EndDate="2013-12-01 14:49:16.18 CET" Interest="2.0" Kind="selection" Navigation="null" OriginId="org.eclipse.jdt.ui.CompilationUnitEditor" StartDate="2013-12-01 14:49:15.816 CET" StructureHandle="=accounting-ui/src&amp;lt;de.togginho.accounting.ui.expense{MultiEditExpensesHandler.java" StructureKind="java" NumEvents="2" CreationCount="309"/><InteractionEvent Delta="null" EndDate="2013-12-01 14:49:16.502 CET" Interest="2.0" Kind="edit" Navigation="null" OriginId="org.eclipse.jdt.ui.CompilationUnitEditor" StartDate="2013-12-01 14:49:16.128 CET" StructureHandle="=accounting-ui/src&amp;lt;de.togginho.accounting.ui.expense{MultiEditExpensesHandler.java" StructureKind="java" NumEvents="2" CreationCount="309"/><InteractionEvent Delta="null" EndDate="2013-12-01 14:47:55.819 CET" Interest="133.238" Kind="propagation" Navigation="org.eclipse.mylyn.core.model.edges.containment" OriginId="org.eclipse.mylyn.core.model.interest.propagation" StartDate="2013-12-01 14:32:12.80 CET" StructureHandle="/accounting-core/src/de/togginho/accounting" StructureKind="resource" NumEvents="136" CreationCount="2"/><InteractionEvent Delta="null" EndDate="2013-12-01 14:33:37.596 CET" Interest="10.0" Kind="propagation" Navigation="null" OriginId="org.eclipse.jdt.ui.CompilationUnitEditor" StartDate="2013-12-01 14:32:05.980 CET" StructureHandle="/accounting-ui" StructureKind="resource" NumEvents="10" CreationCount="1"/><InteractionEvent Delta="null" EndDate="2013-12-01 14:34:00.467 CET" Interest="1.0" Kind="selection" Navigation="null" OriginId="org.eclipse.jdt.ui.CompilationUnitEditor" StartDate="2013-12-01 14:34:00.467 CET" StructureHandle="=accounting-core/src&amp;lt;de.togginho.accounting.model.internal{ModelMetaInformationImpl.java[ModelMetaInformationImpl^expenseCate" StructureKind="java"/><InteractionEvent Delta="null" EndDate="2013-12-01 15:13:39.134 CET" Interest="61.0" Kind="propagation" Navigation="null" OriginId="org.eclipse.jdt.ui.PackageExplorer" StartDate="2013-12-01 14:32:59.407 CET" StructureHandle="/accounting-core/src/de/togginho/accounting/model/internal" StructureKind="resource" NumEvents="61" CreationCount="16"/><InteractionEvent Delta="null" EndDate="2013-12-01 15:10:38.798 CET" Interest="11.7" Kind="propagation" Navigation="org.eclipse.mylyn.core.model.edges.containment" OriginId="org.eclipse.mylyn.core.model.interest.propagation" StartDate="2013-12-01 15:07:50.199 CET" StructureHandle="=accounting-core-tests/src&amp;lt;de.togginho.accounting.service{AccountingServiceImplTest.java[AccountingServiceImplTest" StructureKind="java" NumEvents="15" CreationCount="426"/><InteractionEvent Delta="null" EndDate="2013-12-01 15:08:34.504 CET" Interest="115.0" Kind="propagation" Navigation="null" OriginId="org.eclipse.jdt.ui.CompilationUnitEditor" StartDate="2013-12-01 14:32:12.80 CET" StructureHandle="/accounting-core/src/de/togginho/accounting/service/AccountingServiceImpl.java" StructureKind="resource" NumEvents="115" CreationCount="2"/><InteractionEvent Delta="null" EndDate="2013-12-01 14:38:41.861 CET" Interest="26.396997" Kind="propagation" Navigation="org.eclipse.mylyn.core.model.edges.containment" OriginId="org.eclipse.mylyn.core.model.interest.propagation" StartDate="2013-12-01 14:32:20.847 CET" StructureHandle="=accounting-core/src&amp;lt;de.togginho.accounting.service{AccountingServiceImpl.java[AccountingServiceImpl" StructureKind="java" NumEvents="36" CreationCount="6"/><InteractionEvent Delta="null" EndDate="2013-12-01 15:07:12.493 CET" Interest="5.0" Kind="selection" Navigation="null" OriginId="org.eclipse.jdt.ui.CompilationUnitEditor" StartDate="2013-12-01 14:41:10.295 CET" StructureHandle="=accounting-core/src&amp;lt;de.togginho.accounting.service{AccountingServiceImpl.java[AccountingServiceImpl" StructureKind="java" NumEvents="5" CreationCount="6"/><InteractionEvent Delta="null" EndDate="2013-12-01 14:41:11.325 CET" Interest="1.0" Kind="edit" Navigation="null" OriginId="org.eclipse.jdt.ui.CompilationUnitEditor" StartDate="2013-12-01 14:41:11.325 CET" StructureHandle="=accounting-core/src&amp;lt;de.togginho.accounting.service{AccountingServiceImpl.java[AccountingServiceImpl" StructureKind="java"/><InteractionEvent Delta="null" EndDate="2013-12-01 15:08:34.504 CET" Interest="281.0" Kind="propagation" Navigation="org.eclipse.mylyn.core.model.edges.containment" OriginId="org.eclipse.mylyn.core.model.interest.propagation" StartDate="2013-12-01 14:32:12.80 CET" StructureHandle="=accounting-core" StructureKind="resource" NumEvents="281" CreationCount="2"/><InteractionEvent Delta="null" EndDate="2013-12-01 15:12:01.291 CET" Interest="2.0" Kind="selection" Navigation="null" OriginId="org.eclipse.jdt.ui.PackageExplorer" StartDate="2013-12-01 14:41:44.584 CET" StructureHandle="=accounting-core" StructureKind="java" NumEvents="2" CreationCount="2"/><InteractionEvent Delta="null" EndDate="2013-12-01 15:08:34.504 CET" Interest="1.0" Kind="selection" Navigation="null" OriginId="org.eclipse.jdt.ui.CompilationUnitEditor" StartDate="2013-12-01 15:08:34.504 CET" StructureHandle="=accounting-core/src&amp;lt;de.togginho.accounting.service{AccountingServiceImpl.java[AccountingServiceImpl~getExpensesAsSet~QTimeFrame;~\[QExpenseType;[~compare~QExpense;~QExpense;" StructureKind="java"/><InteractionEvent Delta="null" EndDate="2013-12-01 14:48:10.982 CET" Interest="9.1" Kind="propagation" Navigation="org.eclipse.mylyn.core.model.edges.containment" OriginId="org.eclipse.mylyn.core.model.interest.propagation" StartDate="2013-12-01 14:33:24.289 CET" StructureHandle="=accounting-ui/src&amp;lt;de.togginho.accounting.ui.expense{ExpenseEditingHelper.java" StructureKind="java" NumEvents="13" CreationCount="26"/><InteractionEvent Delta="null" EndDate="2013-12-01 14:48:00.31 CET" Interest="6.0" Kind="selection" Navigation="null" OriginId="org.eclipse.jdt.ui.CompilationUnitEditor" StartDate="2013-12-01 14:33:24.585 CET" StructureHandle="=accounting-ui/src&amp;lt;de.togginho.accounting.ui.expense{ExpenseEditingHelper.java" StructureKind="java" NumEvents="6" CreationCount="26"/><InteractionEvent Delta="null" EndDate="2013-12-01 14:41:57.828 CET" Interest="2.0" Kind="edit" Navigation="null" OriginId="org.eclipse.jdt.ui.CompilationUnitEditor" StartDate="2013-12-01 14:41:57.516 CET" StructureHandle="=accounting-ui/src&amp;lt;de.togginho.accounting.ui.expense{ExpenseEditingHelper.java" StructureKind="java" NumEvents="2" CreationCount="26"/><InteractionEvent Delta="null" EndDate="2013-12-01 15:04:06.798 CET" Interest="93.0" Kind="propagation" Navigation="null" OriginId="org.eclipse.jdt.ui.PackageExplorer" StartDate="2013-12-01 14:49:15.816 CET" StructureHandle="/accounting-ui/src/de/togginho/accounting/ui/expense/MultiEditExpensesHandler.java" StructureKind="resource" NumEvents="93" CreationCount="309"/><InteractionEvent Delta="null" EndDate="2013-12-01 14:47:55.819 CET" Interest="133.238" Kind="propagation" Navigation="org.eclipse.mylyn.core.model.edges.containment" OriginId="org.eclipse.mylyn.core.model.interest.propagation" StartDate="2013-12-01 14:32:12.80 CET" StructureHandle="/accounting-core/src/de/togginho" StructureKind="resource" NumEvents="136" CreationCount="2"/><InteractionEvent Delta="null" EndDate="2013-12-01 14:48:00.77 CET" Interest="6.0" Kind="selection" Navigation="null" OriginId="org.eclipse.jdt.ui.CompilationUnitEditor" StartDate="2013-12-01 14:33:24.289 CET" StructureHandle="=accounting-ui/src&amp;lt;de.togginho.accounting.ui.expense{ExpenseEditingHelper.java[ExpenseEditingHelper~createBasicSection~QComposite;" StructureKind="java" NumEvents="6" CreationCount="26"/><InteractionEvent Delta="null" EndDate="2013-12-01 14:48:10.982 CET" Interest="15.0" Kind="edit" Navigation="null" OriginId="org.eclipse.jdt.ui.CompilationUnitEditor" StartDate="2013-12-01 14:33:24.741 CET" StructureHandle="=accounting-ui/src&amp;lt;de.togginho.accounting.ui.expense{ExpenseEditingHelper.java[ExpenseEditingHelper~createBasicSection~QComposite;" StructureKind="java" NumEvents="15" CreationCount="26"/><InteractionEvent Delta="null" EndDate="2013-12-01 15:14:22.799 CET" Interest="1.0" Kind="propagation" Navigation="org.eclipse.mylyn.core.model.edges.containment" OriginId="org.eclipse.mylyn.core.model.interest.propagation" StartDate="2013-12-01 15:14:22.799 CET" StructureHandle="/tasks/contexts" StructureKind="resource"/><InteractionEvent Delta="null" EndDate="2013-12-01 15:08:33.880 CET" Interest="7.0" Kind="selection" Navigation="null" OriginId="org.eclipse.jdt.ui.CompilationUnitEditor" StartDate="2013-12-01 15:07:28.593 CET" StructureHandle="=accounting-core/src&amp;lt;de.togginho.accounting.service{AccountingServiceImpl.java[AccountingServiceImpl~createConfiguration" StructureKind="java" NumEvents="7" CreationCount="418"/><InteractionEvent Delta="null" EndDate="2013-12-01 15:14:22.799 CET" Interest="1.0" Kind="propagation" Navigation="org.eclipse.mylyn.core.model.edges.containment" OriginId="org.eclipse.mylyn.core.model.interest.propagation" StartDate="2013-12-01 15:14:22.799 CET" StructureHandle="=tasks" StructureKind="java"/><InteractionEvent Delta="null" EndDate="2013-12-01 14:36:52.333 CET" Interest="3.0000002" Kind="propagation" Navigation="org.eclipse.mylyn.core.model.edges.containment" OriginId="org.eclipse.mylyn.core.model.interest.propagation" StartDate="2013-12-01 14:36:40.87 CET" StructureHandle="=accounting-core/C:\/Program Files\/Java\/jdk1.7.0\/jre\/lib\/rt.jar&amp;lt;java.util" StructureKind="java" NumEvents="5" CreationCount="70"/><InteractionEvent Delta="null" EndDate="2013-12-01 14:39:15.853 CET" Interest="2.0" Kind="selection" Navigation="null" OriginId="org.eclipse.jdt.ui.CompilationUnitEditor" StartDate="2013-12-01 14:39:15.853 CET" StructureHandle="=accounting-core/src&amp;lt;de.togginho.accounting.service{AccountingServiceImpl.java[AccountingServiceImpl~doStoreEntities~QCollection\&amp;lt;+QObject;&amp;gt;;" StructureKind="java" NumEvents="2" CreationCount="93"/><InteractionEvent Delta="null" EndDate="2013-12-01 14:32:21.549 CET" Interest="1.0" Kind="propagation" Navigation="org.eclipse.mylyn.core.model.edges.containment" OriginId="org.eclipse.mylyn.core.model.interest.propagation" StartDate="2013-12-01 14:32:21.549 CET" StructureHandle="=accounting-ui/src&amp;lt;de.togginho.accounting.ui.revenue{RevenueDialog.java[RevenueDialog" StructureKind="java"/><InteractionEvent Delta="null" EndDate="2013-12-01 14:36:52.333 CET" Interest="3.0000002" Kind="propagation" Navigation="org.eclipse.mylyn.core.model.edges.containment" OriginId="org.eclipse.mylyn.core.model.interest.propagation" StartDate="2013-12-01 14:36:40.87 CET" StructureHandle="=accounting-core/C:\/Program Files\/Java\/jdk1.7.0\/jre\/lib\/rt.jar" StructureKind="java" NumEvents="4" CreationCount="70"/><InteractionEvent Delta="null" EndDate="2013-12-01 14:47:45.8 CET" Interest="19.152" Kind="propagation" Navigation="org.eclipse.mylyn.core.model.edges.containment" OriginId="org.eclipse.mylyn.core.model.interest.propagation" StartDate="2013-12-01 14:32:59.407 CET" StructureHandle="=accounting-core/src&amp;lt;de.togginho.accounting.model.internal" StructureKind="java" NumEvents="30" CreationCount="16"/><InteractionEvent Delta="null" EndDate="2013-12-01 15:13:39.134 CET" Interest="1.0" Kind="selection" Navigation="null" OriginId="org.eclipse.jdt.ui.PackageExplorer" StartDate="2013-12-01 15:13:39.134 CET" StructureHandle="=accounting-core/src&amp;lt;de.togginho.accounting.model.internal" StructureKind="java"/><InteractionEvent Delta="null" EndDate="2013-12-01 14:41:44.475 CET" Interest="23.764997" Kind="propagation" Navigation="org.eclipse.mylyn.core.model.edges.containment" OriginId="org.eclipse.mylyn.core.model.interest.propagation" StartDate="2013-12-01 14:32:44.680 CET" StructureHandle="=accounting-core/src&amp;lt;de.togginho.accounting.service{AccountingServiceImpl.java" StructureKind="java" NumEvents="35" CreationCount="2"/><InteractionEvent Delta="null" EndDate="2013-12-01 15:08:33.818 CET" Interest="12.0" Kind="selection" Navigation="null" OriginId="org.eclipse.jdt.ui.CompilationUnitEditor" StartDate="2013-12-01 14:32:12.80 CET" StructureHandle="=accounting-core/src&amp;lt;de.togginho.accounting.service{AccountingServiceImpl.java" StructureKind="java" NumEvents="12" CreationCount="2"/><InteractionEvent Delta="null" EndDate="2013-12-01 14:32:12.844 CET" Interest="2.0" Kind="edit" Navigation="null" OriginId="org.eclipse.jdt.ui.CompilationUnitEditor" StartDate="2013-12-01 14:32:12.548 CET" StructureHandle="=accounting-core/src&amp;lt;de.togginho.accounting.service{AccountingServiceImpl.java" StructureKind="java" NumEvents="2" CreationCount="2"/><InteractionEvent Delta="null" EndDate="2013-12-01 15:04:06.798 CET" Interest="122.425" Kind="propagation" Navigation="org.eclipse.mylyn.core.model.edges.containment" OriginId="org.eclipse.mylyn.core.model.interest.propagation" StartDate="2013-12-01 14:32:21.549 CET" StructureHandle="=accounting-ui" StructureKind="resource" NumEvents="125" CreationCount="1"/><InteractionEvent Delta="null" EndDate="2013-12-01 15:14:01.21 CET" Interest="2.0" Kind="selection" Navigation="null" OriginId="org.eclipse.jdt.ui.PackageExplorer" StartDate="2013-12-01 14:32:05.980 CET" StructureHandle="=accounting-ui" StructureKind="java" NumEvents="2" CreationCount="1"/><InteractionEvent Delta="null" EndDate="2013-12-01 14:47:41.763 CET" Interest="3.6410003" Kind="manipulation" Navigation="null" OriginId="org.eclipse.mylyn.core.model.interest.decay.correction" StartDate="2013-12-01 14:47:41.763 CET" StructureHandle="=accounting-core/src&amp;lt;de.togginho.accounting.model.internal{ModelMetaInformationImpl.java[ModelMetaInformationImpl^serialVersionUID" StructureKind="java"/><InteractionEvent Delta="null" EndDate="2013-12-01 14:47:41.763 CET" Interest="2.0" Kind="selection" Navigation="null" OriginId="org.eclipse.jdt.ui.CompilationUnitEditor" StartDate="2013-12-01 14:33:01.950 CET" StructureHandle="=accounting-core/src&amp;lt;de.togginho.accounting.model.internal{ModelMetaInformationImpl.java[ModelMetaInformationImpl^serialVersionUID" StructureKind="java" NumEvents="2" CreationCount="19"/><InteractionEvent Delta="null" EndDate="2013-12-01 14:41:38.640 CET" Interest="8.0" Kind="propagation" Navigation="null" OriginId="org.eclipse.jdt.ui.CompilationUnitEditor" StartDate="2013-12-01 14:41:26.394 CET" StructureHandle="/accounting-core/src/de/togginho/accounting/AccountingService.java" StructureKind="resource" NumEvents="8" CreationCount="136"/><InteractionEvent Delta="null" EndDate="2013-12-01 14:47:49.1 CET" Interest="2.0" Kind="selection" Navigation="null" OriginId="org.eclipse.jdt.ui.CompilationUnitEditor" StartDate="2013-12-01 14:47:37.567 CET" StructureHandle="=accounting-core/src&amp;lt;de.togginho.accounting.model.internal{ModelMetaInformationImpl.java[ModelMetaInformationImpl~getNumberOfInvoices" StructureKind="java" NumEvents="2" CreationCount="291"/><InteractionEvent Delta="null" EndDate="2013-12-01 14:45:42.267 CET" Interest="0.24100006" Kind="manipulation" Navigation="null" OriginId="org.eclipse.mylyn.core.model.interest.decay.correction" StartDate="2013-12-01 14:45:42.267 CET" StructureHandle="=accounting-core/src&amp;lt;de.togginho.accounting.model{ModelMetaInformation.java[ModelMetaInformation~getOldestKnownInvoiceDate" StructureKind="java"/><InteractionEvent Delta="null" EndDate="2013-12-01 14:45:42.267 CET" Interest="2.0" Kind="selection" Navigation="null" OriginId="org.eclipse.jdt.ui.CompilationUnitEditor" StartDate="2013-12-01 14:42:37.998 CET" StructureHandle="=accounting-core/src&amp;lt;de.togginho.accounting.model{ModelMetaInformation.java[ModelMetaInformation~getOldestKnownInvoiceDate" StructureKind="java" NumEvents="2" CreationCount="166"/><InteractionEvent Delta="null" EndDate="2013-12-01 14:46:19.629 CET" Interest="18.0" Kind="edit" Navigation="null" OriginId="org.eclipse.jdt.ui.CompilationUnitEditor" StartDate="2013-12-01 14:45:47.914 CET" StructureHandle="=accounting-core/src&amp;lt;de.togginho.accounting.model{ModelMetaInformation.java[ModelMetaInformation~getOldestKnownInvoiceDate" StructureKind="java" NumEvents="18" CreationCount="166"/><InteractionEvent Delta="null" EndDate="2013-12-01 14:47:55.803 CET" Interest="4.0" Kind="selection" Navigation="null" OriginId="org.eclipse.jdt.ui.CompilationUnitEditor" StartDate="2013-12-01 14:43:52.566 CET" StructureHandle="=accounting-core/src&amp;lt;de.togginho.accounting.model{ModelMetaInformation.java[ModelMetaInformation~getExpenseCategories" StructureKind="java" NumEvents="4" CreationCount="189"/><InteractionEvent Delta="null" EndDate="2013-12-01 14:47:16.70 CET" Interest="23.0" Kind="edit" Navigation="null" OriginId="org.eclipse.jdt.ui.CompilationUnitEditor" StartDate="2013-12-01 14:43:53.487 CET" StructureHandle="=accounting-core/src&amp;lt;de.togginho.accounting.model{ModelMetaInformation.java[ModelMetaInformation~getExpenseCategories" StructureKind="java" NumEvents="23" CreationCount="189"/><InteractionEvent Delta="null" EndDate="2013-12-01 14:34:17.487 CET" Interest="2.0" Kind="selection" Navigation="null" OriginId="org.eclipse.jdt.ui.CompilationUnitEditor" StartDate="2013-12-01 14:32:56.53 CET" StructureHandle="=accounting-core/src&amp;lt;de.togginho.accounting.service{AccountingServiceImpl.java[AccountingServiceImpl^modelMetaInformation" StructureKind="java" NumEvents="2" CreationCount="14"/><InteractionEvent Delta="null" EndDate="2013-12-01 14:32:58.720 CET" Interest="1.0" Kind="edit" Navigation="null" OriginId="org.eclipse.jdt.ui.CompilationUnitEditor" StartDate="2013-12-01 14:32:58.720 CET" StructureHandle="=accounting-core/src&amp;lt;de.togginho.accounting.service{AccountingServiceImpl.java[AccountingServiceImpl^modelMetaInformation" StructureKind="java"/><InteractionEvent Delta="null" EndDate="2013-12-01 15:04:06.798 CET" Interest="123.323006" Kind="propagation" Navigation="org.eclipse.mylyn.core.model.edges.containment" OriginId="org.eclipse.mylyn.core.model.interest.propagation" StartDate="2013-12-01 14:32:21.549 CET" StructureHandle="/accounting-ui/src/de/togginho" StructureKind="resource" NumEvents="125" CreationCount="7"/><InteractionEvent Delta="null" EndDate="2013-12-01 14:48:30.903 CET" Interest="1.0" Kind="selection" Navigation="null" OriginId="org.eclipse.jdt.ui.CompilationUnitEditor" StartDate="2013-12-01 14:48:30.903 CET" StructureHandle="=accounting-ui/src&amp;lt;de.togginho.accounting.ui.expense{ExpenseEditingHelper.java[ExpenseEditingHelper^modelChanged" StructureKind="java"/><InteractionEvent Delta="null" EndDate="2013-12-01 15:04:13.787 CET" Interest="2.8930001" Kind="manipulation" Navigation="null" OriginId="org.eclipse.mylyn.core.model.interest.decay.correction" StartDate="2013-12-01 15:04:13.787 CET" StructureHandle="/accounting-core-tests/src/de/togginho/accounting/service/AccountingServiceImplPersistenceTest.java" StructureKind="resource"/><InteractionEvent Delta="null" EndDate="2013-12-01 15:14:30.26 CET" Interest="60.0" Kind="propagation" Navigation="null" OriginId="org.eclipse.jdt.ui.CompilationUnitEditor" StartDate="2013-12-01 14:32:22.188 CET" StructureHandle="/accounting-core-tests/src/de/togginho/accounting/service/AccountingServiceImplPersistenceTest.java" StructureKind="resource" NumEvents="60" CreationCount="161"/><InteractionEvent Delta="null" EndDate="2013-12-01 14:41:38.640 CET" Interest="2.151" Kind="propagation" Navigation="org.eclipse.mylyn.core.model.edges.containment" OriginId="org.eclipse.mylyn.core.model.interest.propagation" StartDate="2013-12-01 14:41:36.441 CET" StructureHandle="=accounting-core/src&amp;lt;de.togginho.accounting{AccountingService.java" StructureKind="java" NumEvents="3" CreationCount="136"/><InteractionEvent Delta="null" EndDate="2013-12-01 14:41:26.472 CET" Interest="2.0" Kind="selection" Navigation="null" OriginId="org.eclipse.jdt.ui.CompilationUnitEditor" StartDate="2013-12-01 14:41:26.394 CET" StructureHandle="=accounting-core/src&amp;lt;de.togginho.accounting{AccountingService.java" StructureKind="java" NumEvents="2" CreationCount="136"/><InteractionEvent Delta="null" EndDate="2013-12-01 14:32:21.549 CET" Interest="1.0" Kind="propagation" Navigation="null" OriginId="org.eclipse.search.ui.views.SearchView" StartDate="2013-12-01 14:32:21.549 CET" StructureHandle="/accounting-ui/src/de/togginho/accounting/ui/revenue/RevenueDialog.java" StructureKind="resource"/><InteractionEvent Delta="null" EndDate="2013-12-01 15:08:33.818 CET" Interest="37.164997" Kind="propagation" Navigation="org.eclipse.mylyn.core.model.edges.containment" OriginId="org.eclipse.mylyn.core.model.interest.propagation" StartDate="2013-12-01 14:32:12.95 CET" StructureHandle="=accounting-core/src&amp;lt;de.togginho.accounting.service" StructureKind="java" NumEvents="51" CreationCount="2"/><InteractionEvent Delta="null" EndDate="2013-12-01 14:47:55.819 CET" Interest="133.0" Kind="propagation" Navigation="null" OriginId="org.eclipse.jdt.ui.CompilationUnitEditor" StartDate="2013-12-01 14:32:59.407 CET" StructureHandle="/accounting-core/src/de/togginho/accounting/model" StructureKind="resource" NumEvents="133" CreationCount="16"/><InteractionEvent Delta="null" EndDate="2013-12-01 14:48:30.903 CET" Interest="31.0" Kind="propagation" Navigation="null" OriginId="org.eclipse.jdt.ui.CompilationUnitEditor" StartDate="2013-12-01 14:33:24.289 CET" StructureHandle="/accounting-ui/src/de/togginho/accounting/ui/expense/ExpenseEditingHelper.java" StructureKind="resource" NumEvents="31" CreationCount="26"/><InteractionEvent Delta="null" EndDate="2013-12-01 14:36:50.164 CET" Interest="3.0" Kind="selection" Navigation="null" OriginId="org.eclipse.jdt.ui.ClassFileEditor" StartDate="2013-12-01 14:36:40.87 CET" StructureHandle="=accounting-core/C:\/Program Files\/Java\/jdk1.7.0\/jre\/lib\/rt.jar&amp;lt;java.util(TreeSet.class[TreeSet~TreeSet" StructureKind="java" NumEvents="3" CreationCount="70"/><InteractionEvent Delta="null" EndDate="2013-12-01 14:39:30.611 CET" Interest="3.0" Kind="selection" Navigation="null" OriginId="org.eclipse.jdt.ui.CompilationUnitEditor" StartDate="2013-12-01 14:39:01.236 CET" StructureHandle="=accounting-core/src&amp;lt;de.togginho.accounting.service{AccountingServiceImpl.java[AccountingServiceImpl~saveExpenses~QCollection\&amp;lt;QExpense;&amp;gt;;" StructureKind="java" NumEvents="3" CreationCount="91"/><InteractionEvent Delta="null" EndDate="2013-12-01 14:39:31.906 CET" Interest="2.0" Kind="edit" Navigation="null" OriginId="org.eclipse.jdt.ui.CompilationUnitEditor" StartDate="2013-12-01 14:39:15.214 CET" StructureHandle="=accounting-core/src&amp;lt;de.togginho.accounting.service{AccountingServiceImpl.java[AccountingServiceImpl~saveExpenses~QCollection\&amp;lt;QExpense;&amp;gt;;" StructureKind="java" NumEvents="2" CreationCount="91"/><InteractionEvent Delta="null" EndDate="2013-12-01 14:47:40.78 CET" Interest="1.0" Kind="selection" Navigation="null" OriginId="org.eclipse.jdt.ui.CompilationUnitEditor" StartDate="2013-12-01 14:47:40.78 CET" StructureHandle="=accounting-core/src&amp;lt;de.togginho.accounting.model.internal{ModelMetaInformationImpl.java[ModelMetaInformationImpl^expenseCategories" StructureKind="java"/><InteractionEvent Delta="null" EndDate="2013-12-01 14:47:45.8 CET" Interest="9.152" Kind="propagation" Navigation="org.eclipse.mylyn.core.model.edges.containment" OriginId="org.eclipse.mylyn.core.model.interest.propagation" StartDate="2013-12-01 14:33:03.416 CET" StructureHandle="=accounting-core/src&amp;lt;de.togginho.accounting.model.internal{ModelMetaInformationImpl.java" StructureKind="java" NumEvents="16" CreationCount="16"/><InteractionEvent Delta="null" EndDate="2013-12-01 14:47:18.737 CET" Interest="10.0" Kind="selection" Navigation="null" OriginId="org.eclipse.jdt.ui.CompilationUnitEditor" StartDate="2013-12-01 14:32:59.407 CET" StructureHandle="=accounting-core/src&amp;lt;de.togginho.accounting.model.internal{ModelMetaInformationImpl.java" StructureKind="java" NumEvents="10" CreationCount="16"/><InteractionEvent Delta="null" EndDate="2013-12-01 15:14:30.26 CET" Interest="41.315" Kind="propagation" Navigation="org.eclipse.mylyn.core.model.edges.containment" OriginId="org.eclipse.mylyn.core.model.interest.propagation" StartDate="2013-12-01 14:32:22.188 CET" StructureHandle="=accounting-core-tests/src&amp;lt;de.togginho.accounting.service{AccountingServiceImplPersistenceTest.java[AccountingServiceImplPersistenceTest" StructureKind="java" NumEvents="51" CreationCount="196"/><InteractionEvent Delta="null" EndDate="2013-12-01 14:41:36.441 CET" Interest="1.417" Kind="propagation" Navigation="org.eclipse.mylyn.core.model.edges.containment" OriginId="org.eclipse.mylyn.core.model.interest.propagation" StartDate="2013-12-01 14:41:33.414 CET" StructureHandle="=accounting-core/src&amp;lt;de.togginho.accounting{AccountingService.java[AccountingService" StructureKind="java" NumEvents="3" CreationCount="138"/><InteractionEvent Delta="null" EndDate="2013-12-01 14:41:37.408 CET" Interest="2.0" Kind="selection" Navigation="null" OriginId="org.eclipse.jdt.ui.CompilationUnitEditor" StartDate="2013-12-01 14:41:27.627 CET" StructureHandle="=accounting-core/src&amp;lt;de.togginho.accounting{AccountingService.java[AccountingService" StructureKind="java" NumEvents="2" CreationCount="138"/><InteractionEvent Delta="null" EndDate="2013-12-01 14:41:38.640 CET" Interest="1.0" Kind="edit" Navigation="null" OriginId="org.eclipse.jdt.ui.CompilationUnitEditor" StartDate="2013-12-01 14:41:38.640 CET" StructureHandle="=accounting-core/src&amp;lt;de.togginho.accounting{AccountingService.java[AccountingService" StructureKind="java"/><InteractionEvent Delta="null" EndDate="2013-12-01 14:32:21.549 CET" Interest="1.0" Kind="propagation" Navigation="org.eclipse.mylyn.core.model.edges.containment" OriginId="org.eclipse.mylyn.core.model.interest.propagation" StartDate="2013-12-01 14:32:21.549 CET" StructureHandle="/accounting-ui/src/de/togginho/accounting/ui/revenue" StructureKind="resource"/><InteractionEvent Delta="null" EndDate="2013-12-01 15:14:22.799 CET" Interest="1.0" Kind="propagation" Navigation="null" OriginId="org.eclipse.mylyn.resources.ui.interest.updater" StartDate="2013-12-01 15:14:22.799 CET" StructureHandle="/tasks/contexts/local-10.xml.zip" StructureKind="resource"/><InteractionEvent Delta="null" EndDate="2013-12-01 15:08:53.583 CET" Interest="1.0" Kind="selection" Navigation="null" OriginId="org.eclipse.jdt.ui.CompilationUnitEditor" StartDate="2013-12-01 15:08:53.583 CET" StructureHandle="=accounting-core-tests/src&amp;lt;de.togginho.accounting.service{AccountingServiceImplPersistenceTest.java[AccountingServiceImplPersistenceTest~testExpenses" StructureKind="java"/><InteractionEvent Delta="null" EndDate="2013-12-01 15:09:42.260 CET" Interest="3.0" Kind="edit" Navigation="null" OriginId="org.eclipse.jdt.ui.CompilationUnitEditor" StartDate="2013-12-01 15:09:04.176 CET" StructureHandle="=accounting-core-tests/src&amp;lt;de.togginho.accounting.service{AccountingServiceImplPersistenceTest.java[AccountingServiceImplPersistenceTest~testExpenses" StructureKind="java" NumEvents="3" CreationCount="452"/><InteractionEvent Delta="null" EndDate="2013-12-01 14:41:12.261 CET" Interest="1.0" Kind="selection" Navigation="null" OriginId="org.eclipse.jdt.ui.CompilationUnitEditor" StartDate="2013-12-01 14:41:12.261 CET" StructureHandle="=accounting-core/src&amp;lt;de.togginho.accounting.service{AccountingServiceImpl.java[AccountingServiceImpl~findExpenses~QTimeFrame;~\[QExpenseType;" StructureKind="java"/><InteractionEvent Delta="null" EndDate="2013-12-01 14:39:32.483 CET" Interest="2.0" Kind="selection" Navigation="null" OriginId="org.eclipse.jdt.ui.CompilationUnitEditor" StartDate="2013-12-01 14:39:32.483 CET" StructureHandle="=accounting-core/src&amp;lt;de.togginho.accounting.service{AccountingServiceImpl.java[AccountingServiceImpl~checkAndUpdateMetaInfo~QExpense;" StructureKind="java" NumEvents="2" CreationCount="98"/><InteractionEvent Delta="null" EndDate="2013-12-01 14:40:57.394 CET" Interest="29.0" Kind="edit" Navigation="null" OriginId="org.eclipse.jdt.ui.CompilationUnitEditor" StartDate="2013-12-01 14:39:39.35 CET" StructureHandle="=accounting-core/src&amp;lt;de.togginho.accounting.service{AccountingServiceImpl.java[AccountingServiceImpl~checkAndUpdateMetaInfo~QExpense;" StructureKind="java" NumEvents="29" CreationCount="98"/><InteractionEvent Delta="null" EndDate="2013-12-01 15:07:27.579 CET" Interest="1.0" Kind="selection" Navigation="null" OriginId="org.eclipse.jdt.ui.CompilationUnitEditor" StartDate="2013-12-01 15:07:27.579 CET" StructureHandle="=accounting-core/src&amp;lt;de.togginho.accounting.service{AccountingServiceImpl.java[AccountingServiceImpl~init~QAccountingContext;" StructureKind="java"/><InteractionEvent Delta="null" EndDate="2013-12-01 14:32:21.549 CET" Interest="1.0" Kind="selection" Navigation="null" OriginId="org.eclipse.search.ui.views.SearchView" StartDate="2013-12-01 14:32:21.549 CET" StructureHandle="=accounting-ui/src&amp;lt;de.togginho.accounting.ui.revenue{RevenueDialog.java[RevenueDialog~updateModel" StructureKind="java"/><InteractionEvent Delta="null" EndDate="2013-12-01 14:37:11.755 CET" Interest="4.0" Kind="selection" Navigation="null" OriginId="org.eclipse.jdt.ui.CompilationUnitEditor" StartDate="2013-12-01 14:34:46.222 CET" StructureHandle="=accounting-core/src&amp;lt;de.togginho.accounting.service{AccountingServiceImpl.java[AccountingServiceImpl~buildModelMetaInfo" StructureKind="java" NumEvents="4" CreationCount="47"/><InteractionEvent Delta="null" EndDate="2013-12-01 14:38:41.861 CET" Interest="31.0" Kind="edit" Navigation="null" OriginId="org.eclipse.jdt.ui.CompilationUnitEditor" StartDate="2013-12-01 14:34:52.634 CET" StructureHandle="=accounting-core/src&amp;lt;de.togginho.accounting.service{AccountingServiceImpl.java[AccountingServiceImpl~buildModelMetaInfo" StructureKind="java" NumEvents="31" CreationCount="47"/><InteractionEvent Delta="null" EndDate="2013-12-01 15:14:22.736 CET" Interest="1.0" Kind="propagation" Navigation="null" OriginId="org.eclipse.mylyn.resources.ui.interest.updater" StartDate="2013-12-01 15:14:22.736 CET" StructureHandle="/accounting-core-tests/debug.log" StructureKind="resource"/><InteractionEvent Delta="null" EndDate="2013-12-01 15:04:13.787 CET" Interest="0.5300001" Kind="manipulation" Navigation="null" OriginId="org.eclipse.mylyn.core.model.interest.decay.correction" StartDate="2013-12-01 15:04:13.787 CET" StructureHandle="=accounting-core-tests/src&amp;lt;de.togginho.accounting.service{AccountingServiceImplPersistenceTest.java" StructureKind="java"/><InteractionEvent Delta="null" EndDate="2013-12-01 15:14:30.26 CET" Interest="34.033997" Kind="propagation" Navigation="org.eclipse.mylyn.core.model.edges.containment" OriginId="org.eclipse.mylyn.core.model.interest.propagation" StartDate="2013-12-01 14:32:22.188 CET" StructureHandle="=accounting-core-tests/src&amp;lt;de.togginho.accounting.service{AccountingServiceImplPersistenceTest.java" StructureKind="java" NumEvents="46" CreationCount="299"/><InteractionEvent Delta="null" EndDate="2013-12-01 15:12:43.286 CET" Interest="5.0" Kind="selection" Navigation="null" OriginId="org.eclipse.jdt.ui.CompilationUnitEditor" StartDate="2013-12-01 15:04:13.787 CET" StructureHandle="=accounting-core-tests/src&amp;lt;de.togginho.accounting.service{AccountingServiceImplPersistenceTest.java" StructureKind="java" NumEvents="5" CreationCount="299"/><InteractionEvent Delta="null" EndDate="2013-12-01 15:04:14.536 CET" Interest="3.7940001" Kind="manipulation" Navigation="null" OriginId="org.eclipse.mylyn.core.model.interest.decay.correction" StartDate="2013-12-01 15:04:14.536 CET" StructureHandle="=accounting-core-tests/src&amp;lt;de.togginho.accounting.service{AccountingServiceImplPersistenceTest.java[AccountingServiceImplPersistenceTest~testFindExpenseCategories" StructureKind="java"/><InteractionEvent Delta="null" EndDate="2013-12-01 15:14:04.469 CET" Interest="11.0" Kind="selection" Navigation="null" OriginId="org.eclipse.jdt.ui.CompilationUnitEditor" StartDate="2013-12-01 14:32:22.188 CET" StructureHandle="=accounting-core-tests/src&amp;lt;de.togginho.accounting.service{AccountingServiceImplPersistenceTest.java[AccountingServiceImplPersistenceTest~testFindExpenseCategories" StructureKind="java" NumEvents="11" CreationCount="109"/><InteractionEvent Delta="null" EndDate="2013-12-01 15:14:30.26 CET" Interest="40.0" Kind="edit" Navigation="null" OriginId="org.eclipse.jdt.ui.CompilationUnitEditor" StartDate="2013-12-01 15:04:19.512 CET" StructureHandle="=accounting-core-tests/src&amp;lt;de.togginho.accounting.service{AccountingServiceImplPersistenceTest.java[AccountingServiceImplPersistenceTest~testFindExpenseCategories" StructureKind="java" NumEvents="40" CreationCount="109"/></InteractionHistory>