<?xml version="1.0" encoding="UTF-8" standalone="no"?><TaskList Version="2.0"><Task Active="false" ConnectorKind="local" CreationDate="2013-12-01 14:37:28.853 +0100" DueDate="" EndDate="" Estimated="0" Handle="local-11" Kind="task" Label="Enum translations transient" LastModified="now" MarkReadPending="false" ModificationDate="" Notes="" NotifiedIncoming="true" Owner="local" Priority="P3" Reminded="false" RepositoryUrl="local" Stale="false" TaskId="11" offlineSyncState="SYNCHRONIZED"/><Task Active="false" ConnectorKind="local" CreationDate="2013-12-01 13:36:34.691 +0100" DueDate="" EndDate="" Estimated="0" Handle="local-6" Kind="task" Label="VAT-Only Expenses" LastModified="now" MarkReadPending="false" ModificationDate="" Notes="" NotifiedIncoming="true" Owner="local" Priority="P1" Reminded="false" RepositoryUrl="local" Stale="false" TaskId="6" offlineSyncState="SYNCHRONIZED"/><Task Active="false" ConnectorKind="local" CreationDate="2013-12-01 13:36:59.604 +0100" DueDate="" EndDate="" Estimated="0" Handle="local-7" Kind="task" Label="Non-Operating Revenue" LastModified="now" MarkReadPending="false" ModificationDate="" Notes="" NotifiedIncoming="true" Owner="local" Priority="P1" Reminded="false" RepositoryUrl="local" Stale="false" TaskId="7" offlineSyncState="SYNCHRONIZED"/><Task Active="false" ConnectorKind="local" CreationDate="2013-12-01 13:53:02.814 +0100" DueDate="" EndDate="" Estimated="0" Handle="local-8" Kind="task" Label="Assets and Amortisation/Depreciation" LastModified="now" MarkReadPending="false" ModificationDate="" Notes="" NotifiedIncoming="true" Owner="local" Priority="P1" Reminded="false" RepositoryUrl="local" Stale="false" TaskId="8" offlineSyncState="SYNCHRONIZED"/><Task Active="false" ConnectorKind="local" CreationDate="2013-12-01 13:03:46.349 +0100" DueDate="" EndDate="" Estimated="0" Handle="local-4" Kind="task" Label="make sure a client can only be deleted when there are no related invoices" LastModified="now" MarkReadPending="false" ModificationDate="" Notes="Resource: accounting-core/src/de/togginho/accounting/service/AccountingServiceImpl.java&#10;Location: line 358" NotifiedIncoming="true" Owner="local" Priority="P3" Reminded="false" RepositoryUrl="local" Stale="false" TaskId="4" offlineSyncState="SYNCHRONIZED"/><Task Active="false" ConnectorKind="local" CreationDate="2013-12-01 14:10:07.817 +0100" DueDate="" EndDate="" Estimated="0" Handle="local-9" Kind="task" Label="Notes for Entity Objects" LastModified="now" MarkReadPending="false" ModificationDate="" Notes="" NotifiedIncoming="true" Owner="local" Priority="P3" Reminded="false" RepositoryUrl="local" Stale="false" TaskId="9" offlineSyncState="SYNCHRONIZED"/><Task Active="false" ConnectorKind="local" CreationDate="2013-12-01 13:02:50.313 +0100" DueDate="" EndDate="" Estimated="0" Handle="local-3" Kind="task" Label="Implement EBIT calculation in Income Statement" LastModified="now" MarkReadPending="false" ModificationDate="" Notes="Resource: accounting-core/src/de/togginho/accounting/model/IncomeStatement.java&#10;Location: line 210" NotifiedIncoming="true" Owner="local" Priority="P3" Reminded="false" RepositoryUrl="local" Stale="false" TaskId="3" offlineSyncState="SYNCHRONIZED"/><Task Active="false" ConnectorKind="local" CreationDate="2013-12-01 12:40:56.587 +0100" DueDate="" EndDate="" Estimated="0" Handle="local-2" Kind="task" Label="Make Invoice No Format Configurable" LastModified="now" MarkReadPending="false" ModificationDate="" Notes="" NotifiedIncoming="true" Owner="local" Priority="P3" Reminded="false" RepositoryUrl="local" Stale="false" TaskId="2" offlineSyncState="SYNCHRONIZED"/><Task Active="false" ConnectorKind="local" CreationDate="2013-12-01 12:30:50.671 +0100" DueDate="" EndDate="" Estimated="0" Handle="local-1" Kind="task" Label="Do not start App if DB cannot be opened" LastModified="now" MarkReadPending="false" ModificationDate="" Notes="" NotifiedIncoming="true" Owner="local" Priority="P3" Reminded="false" RepositoryUrl="local" Stale="false" TaskId="1" offlineSyncState="SYNCHRONIZED"/><Task Active="true" ConnectorKind="local" CreationDate="2013-12-01 14:31:10.335 +0100" DueDate="" EndDate="2013-12-01 15:13:34.485 +0100" Estimated="0" Handle="local-10" Kind="task" Label="Move Expense Categories to ModelMetaInfo" LastModified="now" MarkReadPending="false" ModificationDate="" Notes="" NotifiedIncoming="true" Owner="local" Priority="P3" Reminded="false" RepositoryUrl="local" Stale="false" TaskId="10" offlineSyncState="SYNCHRONIZED"/><Task Active="false" ConnectorKind="local" CreationDate="2013-12-01 13:30:35.843 +0100" DueDate="" EndDate="" Estimated="0" Handle="local-5" Kind="task" Label="Add Send via Email to invoice functionality" LastModified="now" MarkReadPending="false" ModificationDate="" Notes="" NotifiedIncoming="true" Owner="local" Priority="P3" Reminded="false" RepositoryUrl="local" Stale="false" TaskId="5" offlineSyncState="SYNCHRONIZED"/><TaskCategory Handle="handle-3" Name="Ideas"><TaskReference Handle="local-5"/><TaskReference Handle="local-9"/></TaskCategory><TaskCategory Handle="handle-4" Name="Bugs"><TaskReference Handle="local-11"/></TaskCategory><TaskCategory Handle="handle-1" Name="Todos"><TaskReference Handle="local-4"/><TaskReference Handle="local-3"/><TaskReference Handle="local-2"/><TaskReference Handle="local-1"/><TaskReference Handle="local-6"/><TaskReference Handle="local-7"/><TaskReference Handle="local-8"/><TaskReference Handle="local-10"/></TaskCategory><TaskCategory Handle="Uncategorized" Name="Uncategorized"/></TaskList>