<?xml version="1.0" encoding="UTF-8" standalone="no"?><TaskList Version="2.0"><Task Active="false" ConnectorKind="local" CreationDate="2013-12-01 13:03:46.349 +0100" DueDate="" EndDate="" Estimated="0" Handle="local-4" Kind="task" Label="make sure a client can only be deleted when there are no related invoices" LastModified="now" MarkReadPending="false" ModificationDate="" Notes="Resource: accounting-core/src/de/togginho/accounting/service/AccountingServiceImpl.java&#10;Location: line 358" NotifiedIncoming="true" Owner="local" Priority="P3" Reminded="false" RepositoryUrl="local" ScheduledEndDate="2013-12-01 23:59:59.999 +0100" ScheduledStartDate="2013-11-25 00:00:00.0 +0100" Stale="false" TaskId="4" offlineSyncState="SYNCHRONIZED"/><Task Active="false" ConnectorKind="local" CreationDate="2013-12-01 13:02:50.313 +0100" DueDate="" EndDate="" Estimated="0" Handle="local-3" Kind="task" Label="Implement EBIT calculation in Income Statement" LastModified="now" MarkReadPending="false" ModificationDate="" Notes="Resource: accounting-core/src/de/togginho/accounting/model/IncomeStatement.java&#10;Location: line 210" NotifiedIncoming="true" Owner="local" Priority="P3" Reminded="false" RepositoryUrl="local" Stale="false" TaskId="3" offlineSyncState="SYNCHRONIZED"/><Task Active="false" ConnectorKind="local" CreationDate="2013-12-01 12:40:56.587 +0100" DueDate="" EndDate="" Estimated="0" Handle="local-2" Kind="task" Label="Make Invoice No Format Configurable" LastModified="now" MarkReadPending="false" ModificationDate="" Notes="" NotifiedIncoming="true" Owner="local" Priority="P3" Reminded="false" RepositoryUrl="local" Stale="false" TaskId="2" offlineSyncState="SYNCHRONIZED"/><Task Active="false" ConnectorKind="local" CreationDate="2013-12-01 12:30:50.671 +0100" DueDate="" EndDate="" Estimated="0" Handle="local-1" Kind="task" Label="Do not start App if DB cannot be opened" LastModified="now" MarkReadPending="false" ModificationDate="" Notes="" NotifiedIncoming="true" Owner="local" Priority="P3" Reminded="false" RepositoryUrl="local" Stale="false" TaskId="1" offlineSyncState="SYNCHRONIZED"/><Task Active="false" ConnectorKind="local" CreationDate="2013-12-01 13:30:35.843 +0100" DueDate="" EndDate="" Estimated="0" Handle="local-5" Kind="task" Label="New Task" LastModified="now" MarkReadPending="false" ModificationDate="" Notes="" NotifiedIncoming="true" Owner="local" Priority="P3" Reminded="false" RepositoryUrl="local" ScheduledEndDate="2013-12-01 23:59:59.999 +0100" ScheduledStartDate="2013-11-25 00:00:00.0 +0100" Stale="false" TaskId="5" offlineSyncState="SYNCHRONIZED"/><TaskCategory Handle="handle-3" Name="Ideas"><TaskReference Handle="local-5"/></TaskCategory><TaskCategory Handle="handle-1" Name="core"><TaskReference Handle="local-4"/><TaskReference Handle="local-3"/><TaskReference Handle="local-2"/></TaskCategory><TaskCategory Handle="Uncategorized" Name="Uncategorized"><TaskReference Handle="local-1"/></TaskCategory></TaskList>