<?xml version="1.0" encoding="UTF-8"?><InteractionHistory Id="local-7" Version="1"><InteractionEvent Delta="null" EndDate="2013-12-01 14:25:17.680 CET" Interest="11.0" Kind="propagation" Navigation="null" OriginId="org.eclipse.jdt.ui.CompilationUnitEditor" StartDate="2013-12-01 14:24:33.749 CET" StructureHandle="/accounting-core/src" StructureKind="resource" NumEvents="11" CreationCount="1"/><InteractionEvent Delta="null" EndDate="2013-12-01 14:25:17.664 CET" Interest="6.0" Kind="propagation" Navigation="null" OriginId="org.eclipse.jdt.ui.CompilationUnitEditor" StartDate="2013-12-01 14:25:13.811 CET" StructureHandle="/accounting-core/src/de/togginho/accounting/service/AccountingServiceImpl.java" StructureKind="resource" NumEvents="6" CreationCount="8"/><InteractionEvent Delta="null" EndDate="2013-12-01 14:25:17.664 CET" Interest="3.4" Kind="propagation" Navigation="org.eclipse.mylyn.core.model.edges.containment" OriginId="org.eclipse.mylyn.core.model.interest.propagation" StartDate="2013-12-01 14:25:13.811 CET" StructureHandle="=accounting-core/src&amp;lt;de.togginho.accounting.service{AccountingServiceImpl.java[AccountingServiceImpl" StructureKind="java" NumEvents="5" CreationCount="8"/><InteractionEvent Delta="null" EndDate="2013-12-01 14:25:17.680 CET" Interest="11.0" Kind="propagation" Navigation="org.eclipse.mylyn.core.model.edges.containment" OriginId="org.eclipse.mylyn.core.model.interest.propagation" StartDate="2013-12-01 14:24:33.749 CET" StructureHandle="=accounting-core" StructureKind="resource" NumEvents="11" CreationCount="1"/><InteractionEvent Delta="null" EndDate="2013-12-01 14:25:06.291 CET" Interest="1.0" Kind="propagation" Navigation="org.eclipse.mylyn.core.model.edges.containment" OriginId="org.eclipse.mylyn.core.model.interest.propagation" StartDate="2013-12-01 14:25:06.291 CET" StructureHandle="/accounting-core-tests/src/de" StructureKind="resource"/><InteractionEvent Delta="null" EndDate="2013-12-01 14:25:06.291 CET" Interest="1.0" Kind="propagation" Navigation="org.eclipse.mylyn.core.model.edges.containment" OriginId="org.eclipse.mylyn.core.model.interest.propagation" StartDate="2013-12-01 14:25:06.291 CET" StructureHandle="=accounting-core-tests/src" StructureKind="java"/><InteractionEvent Delta="null" EndDate="2013-12-01 14:25:17.664 CET" Interest="3.519" Kind="propagation" Navigation="org.eclipse.mylyn.core.model.edges.containment" OriginId="org.eclipse.mylyn.core.model.interest.propagation" StartDate="2013-12-01 14:24:33.749 CET" StructureHandle="=accounting-core/src" StructureKind="java" NumEvents="7" CreationCount="1"/><InteractionEvent Delta="null" EndDate="2013-12-01 14:25:06.291 CET" Interest="1.0" Kind="propagation" Navigation="org.eclipse.mylyn.core.model.edges.containment" OriginId="org.eclipse.mylyn.core.model.interest.propagation" StartDate="2013-12-01 14:25:06.291 CET" StructureHandle="/accounting-core-tests/src/de/togginho" StructureKind="resource"/><InteractionEvent Delta="null" EndDate="2013-12-01 14:25:36.837 CET" Interest="4.0" Kind="propagation" Navigation="null" OriginId="org.eclipse.jdt.ui.CompilationUnitEditor" StartDate="2013-12-01 14:24:58.756 CET" StructureHandle="/accounting-ui/src/de/togginho/accounting/ui/reports/IncomeStatementDetailsDialog.java" StructureKind="resource" NumEvents="4" CreationCount="4"/><InteractionEvent Delta="null" EndDate="2013-12-01 14:25:03.452 CET" Interest="1.0339999" Kind="propagation" Navigation="org.eclipse.mylyn.core.model.edges.containment" OriginId="org.eclipse.mylyn.core.model.interest.propagation" StartDate="2013-12-01 14:24:34.373 CET" StructureHandle="=accounting-core/src&amp;lt;de.togginho.accounting.model{Revenue.java" StructureKind="java" NumEvents="3" CreationCount="1"/><InteractionEvent Delta="null" EndDate="2013-12-01 14:24:33.749 CET" Interest="1.0" Kind="selection" Navigation="null" OriginId="org.eclipse.jdt.ui.CompilationUnitEditor" StartDate="2013-12-01 14:24:33.749 CET" StructureHandle="=accounting-core/src&amp;lt;de.togginho.accounting.model{Revenue.java" StructureKind="java"/><InteractionEvent Delta="null" EndDate="2013-12-01 14:25:03.998 CET" Interest="5.0" Kind="propagation" Navigation="null" OriginId="org.eclipse.jdt.ui.CompilationUnitEditor" StartDate="2013-12-01 14:24:33.749 CET" StructureHandle="/accounting-core/src/de/togginho/accounting/model/Revenue.java" StructureKind="resource" NumEvents="5" CreationCount="1"/><InteractionEvent Delta="null" EndDate="2013-12-01 14:25:17.664 CET" Interest="6.119" Kind="propagation" Navigation="org.eclipse.mylyn.core.model.edges.containment" OriginId="org.eclipse.mylyn.core.model.interest.propagation" StartDate="2013-12-01 14:24:33.749 CET" StructureHandle="/accounting-core/src/de/togginho" StructureKind="resource" NumEvents="7" CreationCount="1"/><InteractionEvent Delta="null" EndDate="2013-12-01 14:25:06.291 CET" Interest="1.0" Kind="propagation" Navigation="org.eclipse.mylyn.core.model.edges.containment" OriginId="org.eclipse.mylyn.core.model.interest.propagation" StartDate="2013-12-01 14:25:06.291 CET" StructureHandle="=accounting-core-tests/src&amp;lt;de.togginho.accounting{BaseTestFixture.java" StructureKind="java"/><InteractionEvent Delta="null" EndDate="2013-12-01 14:25:15.340 CET" Interest="1.0" Kind="selection" Navigation="null" OriginId="org.eclipse.search.ui.views.SearchView" StartDate="2013-12-01 14:25:15.340 CET" StructureHandle="=accounting-core/src&amp;lt;de.togginho.accounting.service{AccountingServiceImpl.java[AccountingServiceImpl~getRevenueByYears" StructureKind="java"/><InteractionEvent Delta="null" EndDate="2013-12-01 15:45:44.982 CET" Interest="7.9" Kind="propagation" Navigation="org.eclipse.mylyn.core.model.edges.containment" OriginId="org.eclipse.mylyn.core.model.interest.propagation" StartDate="2013-12-01 14:25:51.658 CET" StructureHandle="=accounting-ui/src&amp;lt;de.togginho.accounting.ui.revenue{RevenueDialog.java[RevenueDialog" StructureKind="java" NumEvents="10" CreationCount="17"/><InteractionEvent Delta="null" EndDate="2013-12-01 15:45:44.982 CET" Interest="4.8999996" Kind="propagation" Navigation="org.eclipse.mylyn.core.model.edges.containment" OriginId="org.eclipse.mylyn.core.model.interest.propagation" StartDate="2013-12-01 14:25:51.658 CET" StructureHandle="=accounting-ui/src&amp;lt;de.togginho.accounting.ui.revenue{RevenueDialog.java" StructureKind="java" NumEvents="7" CreationCount="17"/><InteractionEvent Delta="null" EndDate="2013-12-01 14:31:49.475 CET" Interest="3.0" Kind="selection" Navigation="null" OriginId="org.eclipse.jdt.ui.PackageExplorer" StartDate="2013-12-01 14:29:36.162 CET" StructureHandle="=accounting-ui/src&amp;lt;de.togginho.accounting.ui.revenue{RevenueDialog.java" StructureKind="java" NumEvents="3" CreationCount="17"/><InteractionEvent Delta="null" EndDate="2013-12-01 14:25:03.452 CET" Interest="1.017" Kind="propagation" Navigation="org.eclipse.mylyn.core.model.edges.containment" OriginId="org.eclipse.mylyn.core.model.interest.propagation" StartDate="2013-12-01 14:24:56.666 CET" StructureHandle="=accounting-core/src&amp;lt;de.togginho.accounting.model{Revenue.java[Revenue" StructureKind="java" NumEvents="2" CreationCount="2"/><InteractionEvent Delta="null" EndDate="2013-12-01 14:24:34.373 CET" Interest="1.0" Kind="selection" Navigation="null" OriginId="org.eclipse.jdt.ui.CompilationUnitEditor" StartDate="2013-12-01 14:24:34.373 CET" StructureHandle="=accounting-core/src&amp;lt;de.togginho.accounting.model{Revenue.java[Revenue" StructureKind="java"/><InteractionEvent Delta="null" EndDate="2013-12-01 14:25:06.291 CET" Interest="1.0" Kind="propagation" Navigation="org.eclipse.mylyn.core.model.edges.containment" OriginId="org.eclipse.mylyn.core.model.interest.propagation" StartDate="2013-12-01 14:25:06.291 CET" StructureHandle="/accounting-core-tests/src/de/togginho/accounting" StructureKind="resource"/><InteractionEvent Delta="null" EndDate="2013-12-01 14:25:06.291 CET" Interest="1.0" Kind="propagation" Navigation="null" OriginId="org.eclipse.search.ui.views.SearchView" StartDate="2013-12-01 14:25:06.291 CET" StructureHandle="/accounting-core-tests/src/de/togginho/accounting/BaseTestFixture.java" StructureKind="resource"/><InteractionEvent Delta="null" EndDate="2013-12-01 14:25:17.664 CET" Interest="2.4" Kind="propagation" Navigation="org.eclipse.mylyn.core.model.edges.containment" OriginId="org.eclipse.mylyn.core.model.interest.propagation" StartDate="2013-12-01 14:25:13.811 CET" StructureHandle="=accounting-core/src&amp;lt;de.togginho.accounting.service{AccountingServiceImpl.java" StructureKind="java" NumEvents="4" CreationCount="8"/><InteractionEvent Delta="null" EndDate="2013-12-01 14:25:16.869 CET" Interest="1.0" Kind="selection" Navigation="null" OriginId="org.eclipse.jdt.ui.CompilationUnitEditor" StartDate="2013-12-01 14:25:16.869 CET" StructureHandle="=accounting-core/src&amp;lt;de.togginho.accounting.service{AccountingServiceImpl.java" StructureKind="java"/><InteractionEvent Delta="null" EndDate="2013-12-01 15:45:44.982 CET" Interest="13.221001" Kind="propagation" Navigation="org.eclipse.mylyn.core.model.edges.containment" OriginId="org.eclipse.mylyn.core.model.interest.propagation" StartDate="2013-12-01 14:24:58.756 CET" StructureHandle="/accounting-ui/src/de" StructureKind="resource" NumEvents="14" CreationCount="4"/><InteractionEvent Delta="null" EndDate="2013-12-01 15:45:44.982 CET" Interest="16.0" Kind="propagation" Navigation="org.eclipse.mylyn.core.model.edges.containment" OriginId="org.eclipse.mylyn.core.model.interest.propagation" StartDate="2013-12-01 14:24:58.756 CET" StructureHandle="=accounting-ui" StructureKind="resource" NumEvents="16" CreationCount="4"/><InteractionEvent Delta="null" EndDate="2013-12-01 14:31:49.709 CET" Interest="1.0" Kind="selection" Navigation="null" OriginId="org.eclipse.jdt.ui.PackageExplorer" StartDate="2013-12-01 14:31:49.709 CET" StructureHandle="=accounting-ui" StructureKind="java"/><InteractionEvent Delta="null" EndDate="2013-12-01 15:45:44.982 CET" Interest="16.050999" Kind="propagation" Navigation="org.eclipse.mylyn.core.model.edges.containment" OriginId="org.eclipse.mylyn.core.model.interest.propagation" StartDate="2013-12-01 14:24:33.749 CET" StructureHandle="/" StructureKind="resource" NumEvents="19" CreationCount="1"/><InteractionEvent Delta="null" EndDate="2013-12-01 14:25:03.452 CET" Interest="2.034" Kind="propagation" Navigation="org.eclipse.mylyn.core.model.edges.containment" OriginId="org.eclipse.mylyn.core.model.interest.propagation" StartDate="2013-12-01 14:24:33.749 CET" StructureHandle="=accounting-core/src&amp;lt;de.togginho.accounting.model" StructureKind="java" NumEvents="4" CreationCount="1"/><InteractionEvent Delta="null" EndDate="2013-12-01 14:25:32.687 CET" Interest="2.0" Kind="selection" Navigation="null" OriginId="org.eclipse.search.ui.views.SearchView" StartDate="2013-12-01 14:24:58.756 CET" StructureHandle="=accounting-ui/src&amp;lt;de.togginho.accounting.ui.reports{IncomeStatementDetailsDialog.java[IncomeStatementDetailsDialog~updateRevenueTree~QRevenue;" StructureKind="java" NumEvents="2" CreationCount="4"/><InteractionEvent Delta="null" EndDate="2013-12-01 14:25:36.837 CET" Interest="2.0" Kind="edit" Navigation="null" OriginId="org.eclipse.jdt.ui.CompilationUnitEditor" StartDate="2013-12-01 14:25:36.181 CET" StructureHandle="=accounting-ui/src&amp;lt;de.togginho.accounting.ui.reports{IncomeStatementDetailsDialog.java[IncomeStatementDetailsDialog~updateRevenueTree~QRevenue;" StructureKind="java" NumEvents="2" CreationCount="4"/><InteractionEvent Delta="null" EndDate="2013-12-01 14:25:06.291 CET" Interest="1.0" Kind="propagation" Navigation="org.eclipse.mylyn.core.model.edges.containment" OriginId="org.eclipse.mylyn.core.model.interest.propagation" StartDate="2013-12-01 14:25:06.291 CET" StructureHandle="/accounting-core-tests/src" StructureKind="resource"/><InteractionEvent Delta="null" EndDate="2013-12-01 14:25:17.664 CET" Interest="6.0" Kind="propagation" Navigation="org.eclipse.mylyn.core.model.edges.containment" OriginId="org.eclipse.mylyn.core.model.interest.propagation" StartDate="2013-12-01 14:25:13.811 CET" StructureHandle="/accounting-core/src/de/togginho/accounting/service" StructureKind="resource" NumEvents="6" CreationCount="8"/><InteractionEvent Delta="null" EndDate="2013-12-01 14:25:36.837 CET" Interest="3.4" Kind="propagation" Navigation="org.eclipse.mylyn.core.model.edges.containment" OriginId="org.eclipse.mylyn.core.model.interest.propagation" StartDate="2013-12-01 14:24:58.756 CET" StructureHandle="=accounting-ui/src&amp;lt;de.togginho.accounting.ui.reports{IncomeStatementDetailsDialog.java" StructureKind="java" NumEvents="4" CreationCount="4"/><InteractionEvent Delta="null" EndDate="2013-12-01 14:25:16.416 CET" Interest="2.0" Kind="selection" Navigation="null" OriginId="org.eclipse.search.ui.views.SearchView" StartDate="2013-12-01 14:25:13.811 CET" StructureHandle="=accounting-core/src&amp;lt;de.togginho.accounting.service{AccountingServiceImpl.java[AccountingServiceImpl~getRevenue~QTimeFrame;" StructureKind="java" NumEvents="2" CreationCount="8"/><InteractionEvent Delta="null" EndDate="2013-12-01 14:25:17.664 CET" Interest="2.0" Kind="edit" Navigation="null" OriginId="org.eclipse.jdt.ui.CompilationUnitEditor" StartDate="2013-12-01 14:25:17.56 CET" StructureHandle="=accounting-core/src&amp;lt;de.togginho.accounting.service{AccountingServiceImpl.java[AccountingServiceImpl~getRevenue~QTimeFrame;" StructureKind="java" NumEvents="2" CreationCount="8"/><InteractionEvent Delta="null" EndDate="2013-12-01 15:45:44.982 CET" Interest="13.221001" Kind="propagation" Navigation="org.eclipse.mylyn.core.model.edges.containment" OriginId="org.eclipse.mylyn.core.model.interest.propagation" StartDate="2013-12-01 14:24:58.756 CET" StructureHandle="/accounting-ui/src/de/togginho" StructureKind="resource" NumEvents="14" CreationCount="4"/><InteractionEvent Delta="null" EndDate="2013-12-01 14:25:17.664 CET" Interest="6.119" Kind="propagation" Navigation="org.eclipse.mylyn.core.model.edges.containment" OriginId="org.eclipse.mylyn.core.model.interest.propagation" StartDate="2013-12-01 14:24:33.749 CET" StructureHandle="/accounting-core/src/de" StructureKind="resource" NumEvents="7" CreationCount="1"/><InteractionEvent Delta="null" EndDate="2013-12-01 14:25:06.291 CET" Interest="1.0" Kind="propagation" Navigation="org.eclipse.mylyn.core.model.edges.containment" OriginId="org.eclipse.mylyn.core.model.interest.propagation" StartDate="2013-12-01 14:25:06.291 CET" StructureHandle="=accounting-core-tests" StructureKind="resource"/><InteractionEvent Delta="null" EndDate="2013-12-01 15:45:44.982 CET" Interest="13.0" Kind="propagation" Navigation="null" OriginId="org.eclipse.jdt.ui.PackageExplorer" StartDate="2013-12-01 14:25:51.658 CET" StructureHandle="/accounting-ui/src/de/togginho/accounting/ui/revenue/RevenueDialog.java" StructureKind="resource" NumEvents="13" CreationCount="17"/><InteractionEvent Delta="null" EndDate="2013-12-01 15:45:44.982 CET" Interest="8.121" Kind="propagation" Navigation="org.eclipse.mylyn.core.model.edges.containment" OriginId="org.eclipse.mylyn.core.model.interest.propagation" StartDate="2013-12-01 14:24:58.756 CET" StructureHandle="=accounting-ui/src" StructureKind="java" NumEvents="11" CreationCount="4"/><InteractionEvent Delta="null" EndDate="2013-12-01 15:45:44.982 CET" Interest="7.9" Kind="propagation" Navigation="org.eclipse.mylyn.core.model.edges.containment" OriginId="org.eclipse.mylyn.core.model.interest.propagation" StartDate="2013-12-01 14:25:51.658 CET" StructureHandle="=accounting-ui/src&amp;lt;de.togginho.accounting.ui.revenue" StructureKind="java" NumEvents="10" CreationCount="17"/><InteractionEvent Delta="null" EndDate="2013-12-01 14:25:17.664 CET" Interest="3.4" Kind="propagation" Navigation="org.eclipse.mylyn.core.model.edges.containment" OriginId="org.eclipse.mylyn.core.model.interest.propagation" StartDate="2013-12-01 14:25:13.811 CET" StructureHandle="=accounting-core/src&amp;lt;de.togginho.accounting.service" StructureKind="java" NumEvents="5" CreationCount="8"/><InteractionEvent Delta="null" EndDate="2013-12-01 15:45:44.982 CET" Interest="13.221001" Kind="propagation" Navigation="org.eclipse.mylyn.core.model.edges.containment" OriginId="org.eclipse.mylyn.core.model.interest.propagation" StartDate="2013-12-01 14:24:58.756 CET" StructureHandle="/accounting-ui/src/de/togginho/accounting" StructureKind="resource" NumEvents="14" CreationCount="4"/><InteractionEvent Delta="null" EndDate="2013-12-01 14:25:03.998 CET" Interest="5.0" Kind="propagation" Navigation="org.eclipse.mylyn.core.model.edges.containment" OriginId="org.eclipse.mylyn.core.model.interest.propagation" StartDate="2013-12-01 14:24:33.749 CET" StructureHandle="/accounting-core/src/de/togginho/accounting/model" StructureKind="resource" NumEvents="5" CreationCount="1"/><InteractionEvent Delta="null" EndDate="2013-12-01 14:25:06.275 CET" Interest="1.0" Kind="selection" Navigation="null" OriginId="org.eclipse.search.ui.views.SearchView" StartDate="2013-12-01 14:25:06.275 CET" StructureHandle="=accounting-core-tests/src&amp;lt;de.togginho.accounting{BaseTestFixture.java[BaseTestFixture~createTestRevenue" StructureKind="java"/><InteractionEvent Delta="null" EndDate="2013-12-01 14:25:03.998 CET" Interest="1.0" Kind="selection" Navigation="null" OriginId="org.eclipse.jdt.ui.CompilationUnitEditor" StartDate="2013-12-01 14:25:03.998 CET" StructureHandle="=accounting-core/src&amp;lt;de.togginho.accounting.model{Revenue.java[Revenue~setInvoices~QList\&amp;lt;QInvoice;&amp;gt;;" StructureKind="java"/><InteractionEvent Delta="null" EndDate="2013-12-01 14:25:06.291 CET" Interest="1.0" Kind="propagation" Navigation="org.eclipse.mylyn.core.model.edges.containment" OriginId="org.eclipse.mylyn.core.model.interest.propagation" StartDate="2013-12-01 14:25:06.291 CET" StructureHandle="=accounting-core-tests/src&amp;lt;de.togginho.accounting" StructureKind="java"/><InteractionEvent Delta="null" EndDate="2013-12-01 15:45:44.982 CET" Interest="17.0" Kind="propagation" Navigation="null" OriginId="org.eclipse.jdt.ui.PackageExplorer" StartDate="2013-12-01 14:24:58.756 CET" StructureHandle="/accounting-ui/src" StructureKind="resource" NumEvents="17" CreationCount="4"/><InteractionEvent Delta="null" EndDate="2013-12-01 14:25:36.837 CET" Interest="3.4" Kind="propagation" Navigation="org.eclipse.mylyn.core.model.edges.containment" OriginId="org.eclipse.mylyn.core.model.interest.propagation" StartDate="2013-12-01 14:24:58.756 CET" StructureHandle="=accounting-ui/src&amp;lt;de.togginho.accounting.ui.reports" StructureKind="java" NumEvents="4" CreationCount="4"/><InteractionEvent Delta="null" EndDate="2013-12-01 14:25:36.837 CET" Interest="4.0" Kind="propagation" Navigation="org.eclipse.mylyn.core.model.edges.containment" OriginId="org.eclipse.mylyn.core.model.interest.propagation" StartDate="2013-12-01 14:24:58.756 CET" StructureHandle="/accounting-ui/src/de/togginho/accounting/ui/reports" StructureKind="resource" NumEvents="4" CreationCount="4"/><InteractionEvent Delta="null" EndDate="2013-12-01 14:25:36.837 CET" Interest="3.4" Kind="propagation" Navigation="org.eclipse.mylyn.core.model.edges.containment" OriginId="org.eclipse.mylyn.core.model.interest.propagation" StartDate="2013-12-01 14:24:58.756 CET" StructureHandle="=accounting-ui/src&amp;lt;de.togginho.accounting.ui.reports{IncomeStatementDetailsDialog.java[IncomeStatementDetailsDialog" StructureKind="java" NumEvents="4" CreationCount="4"/><InteractionEvent Delta="null" EndDate="2013-12-01 15:45:44.982 CET" Interest="13.221001" Kind="propagation" Navigation="org.eclipse.mylyn.core.model.edges.containment" OriginId="org.eclipse.mylyn.core.model.interest.propagation" StartDate="2013-12-01 14:24:58.756 CET" StructureHandle="/accounting-ui/src/de/togginho/accounting/ui" StructureKind="resource" NumEvents="14" CreationCount="4"/><InteractionEvent Delta="null" EndDate="2013-12-01 15:45:44.982 CET" Interest="13.0" Kind="propagation" Navigation="org.eclipse.mylyn.core.model.edges.containment" OriginId="org.eclipse.mylyn.core.model.interest.propagation" StartDate="2013-12-01 14:25:51.658 CET" StructureHandle="/accounting-ui/src/de/togginho/accounting/ui/revenue" StructureKind="resource" NumEvents="13" CreationCount="17"/><InteractionEvent Delta="null" EndDate="2013-12-01 14:25:03.452 CET" Interest="2.0" Kind="selection" Navigation="null" OriginId="org.eclipse.jdt.ui.CompilationUnitEditor" StartDate="2013-12-01 14:24:56.666 CET" StructureHandle="=accounting-core/src&amp;lt;de.togginho.accounting.model{Revenue.java[Revenue~getInvoices" StructureKind="java" NumEvents="2" CreationCount="3"/><InteractionEvent Delta="null" EndDate="2013-12-01 14:25:06.275 CET" Interest="1.0" Kind="propagation" Navigation="org.eclipse.mylyn.core.model.edges.containment" OriginId="org.eclipse.mylyn.core.model.interest.propagation" StartDate="2013-12-01 14:25:06.275 CET" StructureHandle="=accounting-core-tests/src&amp;lt;de.togginho.accounting{BaseTestFixture.java[BaseTestFixture" StructureKind="java"/><InteractionEvent Delta="null" EndDate="2013-12-01 14:25:17.664 CET" Interest="6.119" Kind="propagation" Navigation="org.eclipse.mylyn.core.model.edges.containment" OriginId="org.eclipse.mylyn.core.model.interest.propagation" StartDate="2013-12-01 14:24:33.749 CET" StructureHandle="/accounting-core/src/de/togginho/accounting" StructureKind="resource" NumEvents="7" CreationCount="1"/><InteractionEvent Delta="null" EndDate="2013-12-01 15:45:44.982 CET" Interest="3.0" Kind="selection" Navigation="null" OriginId="org.eclipse.jdt.ui.PackageExplorer" StartDate="2013-12-01 14:25:51.658 CET" StructureHandle="=accounting-ui/src&amp;lt;de.togginho.accounting.ui.revenue{RevenueDialog.java[RevenueDialog~updateModel" StructureKind="java" NumEvents="3" CreationCount="17"/><InteractionEvent Delta="null" EndDate="2013-12-01 15:45:38.664 CET" Interest="7.0" Kind="edit" Navigation="null" OriginId="org.eclipse.jdt.ui.CompilationUnitEditor" StartDate="2013-12-01 14:25:51.954 CET" StructureHandle="=accounting-ui/src&amp;lt;de.togginho.accounting.ui.revenue{RevenueDialog.java[RevenueDialog~updateModel" StructureKind="java" NumEvents="7" CreationCount="17"/></InteractionHistory>